Commodity,Category,Unit,State,District,Market,Date,Year,Month,Season,Arrival_Qty,Min_Price,Max_Price,Modal_Price,Day,Week,Quarter,DayOfWeek
Tomato,Vegetable,Kg,West Bengal,Purba Medinipur,Panskura,2021-07-07,2021,7,Kharif,425.74,31.11,33.28,31.7,7,27,3,2
Maize,Grain,Quintal,West Bengal,Hooghly,Arambagh,2024-10-29,2024,10,Rabi,339.42,2147.08,2353.16,2250.39,29,44,4,1
Mustard Oil,Oil,Litre,West Bengal,Hooghly,Arambagh,2022-12-08,2022,12,Rabi,444.79,127.01,135.31,130.73,8,49,4,3
Onion,Vegetable,Kg,West Bengal,Nadia,Krishnanagar,2023-10-03,2023,10,Rabi,915.76,38.34,41.3,39.48,3,40,4,1
Milk,Dairy,Litre,West Bengal,Purba Medinipur,Panskura,2023-01-03,2023,1,Rabi,520.04,51.98,54.6,53.13,3,1,1,1
Potato,Vegetable,Kg,West Bengal,Hooghly,Arambagh,2024-03-17,2024,3,Rabi,362.72,23.48,25.82,24.71,17,11,1,6
Mustard,Oilseed,Quintal,West Bengal,Hooghly,Arambagh,2025-08-21,2025,8,Kharif,381.23,6508.86,7225.35,6866.66,21,34,3,3
Mustard Oil,Oil,Litre,West Bengal,Hooghly,Arambagh,2025-08-26,2025,8,Kharif,559.5,204.35,233.25,218.59,26,35,3,1
Potato,Vegetable,Kg,West Bengal,Nadia,Krishnanagar,2020-02-23,2020,2,Rabi,730.39,24.2,25.49,24.87,23,8,1,6
Onion,Vegetable,Kg,West Bengal,Purba Medinipur,Panskura,2024-11-07,2024,11,Rabi,200.85,57.15,61.47,59.3,7,45,4,3
Brinjal,Vegetable,Kg,West Bengal,Purba Medinipur,Panskura,2022-10-06,2022,10,Rabi,192.91,38.02,42.45,40.03,6,40,4,3
Rice,Grain,Quintal,West Bengal,Purba Medinipur,Panskura,2021-04-13,2021,4,Zaid,909.15,2429.96,2593.16,2511.42,13,15,2,1
Potato,Vegetable,Kg,West Bengal,Nadia,Krishnanagar,2023-03-31,2023,3,Rabi,725.73,19.35,21.0,20.03,31,13,1,4
Mustard Oil,Oil,Litre,West Bengal,Nadia,Krishnanagar,2021-05-10,2021,5,Zaid,728.72,221.44,243.45,232.58,10,19,2,0
Milk,Dairy,Litre,West Bengal,Purba Medinipur,Panskura,2022-12-28,2022,12,Rabi,832.55,43.96,48.55,46.06,28,52,4,2
Wheat,Grain,Quintal,West Bengal,Purba Medinipur,Panskura,2022-06-03,2022,6,Kharif,562.87,1776.77,1906.15,1841.67,3,22,2,4
Wheat,Grain,Quintal,West Bengal,Nadia,Krishnanagar,2021-08-12,2021,8,Kharif,866.63,2226.41,2462.7,2344.16,12,32,3,3
Rice,Grain,Quintal,West Bengal,Purba Medinipur,Panskura,2023-12-15,2023,12,Rabi,646.23,2185.16,2513.1,2349.18,15,50,4,4
Banana,Fruit,Dozen,West Bengal,Hooghly,Arambagh,2022-04-23,2022,4,Zaid,577.95,99.26,102.13,100.71,23,16,2,5
Onion,Vegetable,Kg,West Bengal,Hooghly,Arambagh,2020-10-27,2020,10,Rabi,663.95,33.29,36.45,34.63,27,44,4,1
Mustard Oil,Oil,Litre,West Bengal,Nadia,Krishnanagar,2025-04-12,2025,4,Zaid,226.12,207.14,215.55,211.32,12,15,2,5
Cotton,Fiber,Quintal,West Bengal,Hooghly,Arambagh,2021-06-29,2021,6,Kharif,868.94,8108.43,8348.85,8228.91,29,26,2,1
Tomato,Vegetable,Kg,West Bengal,Purba Medinipur,Panskura,2022-07-24,2022,7,Kharif,874.32,20.54,22.54,21.48,24,29,3,6
Onion,Vegetable,Kg,West Bengal,Nadia,Krishnanagar,2023-12-08,2023,12,Rabi,563.5,50.07,53.48,52.19,8,49,4,4
Mustard,Oilseed,Quintal,West Bengal,Purba Medinipur,Panskura,2023-02-19,2023,2,Rabi,388.67,4228.2,4644.5,4436.64,19,7,1,6
Brinjal,Vegetable,Kg,West Bengal,Hooghly,Arambagh,2024-08-10,2024,8,Kharif,452.07,36.05,40.17,37.73,10,32,3,5
Mango,Fruit,Kg,West Bengal,Nadia,Krishnanagar,2024-05-30,2024,5,Zaid,805.28,73.81,82.77,78.05,30,22,2,3
Milk,Dairy,Litre,West Bengal,Purba Medinipur,Panskura,2023-10-30,2023,10,Rabi,693.42,49.87,56.7,53.66,30,44,4,0
Onion,Vegetable,Kg,West Bengal,Purba Medinipur,Panskura,2021-06-10,2021,6,Kharif,317.87,28.21,32.09,30.56,10,23,2,3
Maize,Grain,Quintal,West Bengal,Hooghly,Arambagh,2020-03-26,2020,3,Rabi,625.27,2493.05,2781.95,2637.48,26,13,1,3
Mustard Oil,Oil,Litre,West Bengal,Hooghly,Arambagh,2023-08-22,2023,8,Kharif,321.71,167.02,175.83,171.14,22,34,3,1
Mango,Fruit,Kg,West Bengal,Hooghly,Arambagh,2021-08-14,2021,8,Kharif,688.82,160.14,168.83,164.08,14,32,3,5
Mustard,Oilseed,Quintal,West Bengal,Hooghly,Arambagh,2025-12-15,2025,12,Rabi,330.18,5900.57,6458.94,6179.82,15,51,4,0
Onion,Vegetable,Kg,West Bengal,Purba Medinipur,Panskura,2022-05-31,2022,5,Zaid,425.31,42.76,47.22,44.95,31,22,2,1
Cotton,Fiber,Quintal,West Bengal,Hooghly,Arambagh,2021-04-13,2021,4,Zaid,822.22,7997.24,8569.03,8282.78,13,15,2,1
Potato,Vegetable,Kg,West Bengal,Nadia,Krishnanagar,2025-05-23,2025,5,Zaid,324.29,9.69,11.11,10.62,23,21,2,4
Wheat,Grain,Quintal,West Bengal,Hooghly,Arambagh,2025-06-01,2025,6,Kharif,173.66,2389.0,2668.01,2528.8,1,22,2,6
Milk,Dairy,Litre,West Bengal,Purba Medinipur,Panskura,2024-05-15,2024,5,Zaid,280.68,56.9,60.39,58.43,15,20,2,2
Milk,Dairy,Litre,West Bengal,Nadia,Krishnanagar,2025-03-13,2025,3,Rabi,45.61,30.84,33.6,32.6,13,11,1,3
Mango,Fruit,Kg,West Bengal,Nadia,Krishnanagar,2023-04-14,2023,4,Zaid,229.1,143.86,156.04,149.62,14,15,2,4
Wheat,Grain,Quintal,West Bengal,Hooghly,Arambagh,2025-09-28,2025,9,Kharif,858.42,2626.85,2936.31,2781.09,28,39,3,6
Mustard,Oilseed,Quintal,West Bengal,Purba Medinipur,Panskura,2025-09-01,2025,9,Kharif,685.42,4475.9,5016.98,4746.07,1,36,3,0
Mango,Fruit,Kg,West Bengal,Purba Medinipur,Panskura,2020-05-02,2020,5,Zaid,167.82,40.06,46.44,43.25,2,18,2,5
Wheat,Grain,Quintal,West Bengal,Hooghly,Arambagh,2024-09-13,2024,9,Kharif,447.3,2648.08,2971.87,2809.79,13,37,3,4
Cotton,Fiber,Quintal,West Bengal,Hooghly,Arambagh,2025-05-09,2025,5,Zaid,515.35,6047.02,6590.64,6319.08,9,19,2,4
Tomato,Vegetable,Kg,West Bengal,Hooghly,Arambagh,2020-10-12,2020,10,Rabi,116.37,26.6,29.25,27.85,12,42,4,0
Potato,Vegetable,Kg,West Bengal,Purba Medinipur,Panskura,2024-12-17,2024,12,Rabi,207.79,18.77,20.4,19.73,17,51,4,1
Cotton,Fiber,Quintal,West Bengal,Nadia,Krishnanagar,2022-11-26,2022,11,Rabi,642.47,8826.65,8951.18,8889.29,26,47,4,5
Maize,Grain,Quintal,West Bengal,Purba Medinipur,Panskura,2020-03-07,2020,3,Rabi,110.98,1963.02,2104.09,2033.6,7,10,1,5
Rice,Grain,Quintal,West Bengal,Hooghly,Arambagh,2020-03-04,2020,3,Rabi,453.19,2085.29,2248.96,2166.96,4,10,1,2
Rice,Grain,Quintal,West Bengal,Purba Medinipur,Panskura,2020-10-02,2020,10,Rabi,354.4,1933.54,2242.93,2088.44,2,40,4,4
Milk,Dairy,Litre,West Bengal,Hooghly,Arambagh,2024-08-21,2024,8,Kharif,111.66,39.84,42.85,41.84,21,34,3,2
Cotton,Fiber,Quintal,West Bengal,Nadia,Krishnanagar,2021-03-07,2021,3,Rabi,938.17,5475.45,5589.22,5532.73,7,9,1,6
Mustard,Oilseed,Quintal,West Bengal,Nadia,Krishnanagar,2023-03-01,2023,3,Rabi,886.8,5136.01,5223.09,5179.46,1,9,1,2
Potato,Vegetable,Kg,West Bengal,Nadia,Krishnanagar,2025-01-12,2025,1,Rabi,863.67,30.49,33.82,32.1,12,2,1,6
Brinjal,Vegetable,Kg,West Bengal,Hooghly,Arambagh,2025-07-02,2025,7,Kharif,32.31,25.82,27.22,27.01,2,27,3,2
Mustard,Oilseed,Quintal,West Bengal,Hooghly,Arambagh,2022-06-07,2022,6,Kharif,549.22,4891.51,5225.82,5058.83,7,23,2,1
Milk,Dairy,Litre,West Bengal,Purba Medinipur,Panskura,2022-12-07,2022,12,Rabi,653.71,32.45,35.76,33.72,7,49,4,2
Wheat,Grain,Quintal,West Bengal,Hooghly,Arambagh,2025-12-25,2025,12,Rabi,256.84,1857.54,2045.55,1951.68,25,52,4,3
Tomato,Vegetable,Kg,West Bengal,Purba Medinipur,Panskura,2023-12-18,2023,12,Rabi,232.92,10.53,11.75,11.58,18,51,4,0
Cotton,Fiber,Quintal,West Bengal,Nadia,Krishnanagar,2022-10-03,2022,10,Rabi,582.69,5246.56,5605.2,5425.69,3,40,4,0
Wheat,Grain,Quintal,West Bengal,Nadia,Krishnanagar,2022-05-21,2022,5,Zaid,64.11,2589.29,2946.56,2767.53,21,20,2,5
Cabbage,Vegetable,Kg,West Bengal,Hooghly,Arambagh,2023-06-17,2023,6,Kharif,680.4,26.58,29.15,28.03,17,24,2,5
Mustard,Oilseed,Quintal,West Bengal,Hooghly,Arambagh,2021-03-31,2021,3,Rabi,917.54,4909.67,5186.3,5048.14,31,13,1,2
Cabbage,Vegetable,Kg,West Bengal,Purba Medinipur,Panskura,2020-01-15,2020,1,Rabi,758.06,30.95,35.21,33.25,15,3,1,2
Maize,Grain,Quintal,West Bengal,Hooghly,Arambagh,2022-11-07,2022,11,Rabi,221.09,1808.33,2094.76,1951.85,7,45,4,0
Potato,Vegetable,Kg,West Bengal,Hooghly,Arambagh,2023-01-17,2023,1,Rabi,773.38,25.5,28.11,26.89,17,3,1,1
Mustard Oil,Oil,Litre,West Bengal,Hooghly,Arambagh,2021-01-16,2021,1,Rabi,732.96,127.64,136.21,132.32,16,2,1,5
Wheat,Grain,Quintal,West Bengal,Hooghly,Arambagh,2020-04-09,2020,4,Zaid,145.31,1910.86,1996.46,1953.79,9,15,2,3
Mustard,Oilseed,Quintal,West Bengal,Hooghly,Arambagh,2022-06-01,2022,6,Kharif,829.68,5328.23,5785.89,5557.55,1,22,2,2
Brinjal,Vegetable,Kg,West Bengal,Purba Medinipur,Panskura,2023-02-28,2023,2,Rabi,727.05,18.17,19.61,19.34,28,9,1,1
Rice,Grain,Quintal,West Bengal,Nadia,Krishnanagar,2020-09-25,2020,9,Kharif,197.5,2802.85,3057.22,2930.19,25,39,3,4
Mango,Fruit,Kg,West Bengal,Hooghly,Arambagh,2020-11-03,2020,11,Rabi,830.41,113.67,121.66,117.2,3,45,4,1
Wheat,Grain,Quintal,West Bengal,Hooghly,Arambagh,2022-12-29,2022,12,Rabi,613.9,2145.17,2372.68,2259.36,29,52,4,3
Brinjal,Vegetable,Kg,West Bengal,Purba Medinipur,Panskura,2020-06-01,2020,6,Kharif,743.7,37.54,42.55,40.01,1,23,2,0
Potato,Vegetable,Kg,West Bengal,Nadia,Krishnanagar,2025-09-13,2025,9,Kharif,73.52,21.44,24.65,23.18,13,37,3,5
Maize,Grain,Quintal,West Bengal,Purba Medinipur,Panskura,2021-01-10,2021,1,Rabi,585.97,2434.93,2637.25,2535.61,10,1,1,6
Banana,Fruit,Dozen,West Bengal,Nadia,Krishnanagar,2025-12-14,2025,12,Rabi,185.03,79.89,84.25,81.95,14,50,4,6
Potato,Vegetable,Kg,West Bengal,Hooghly,Arambagh,2025-06-24,2025,6,Kharif,735.92,25.77,28.04,27.14,24,26,2,1
Mango,Fruit,Kg,West Bengal,Hooghly,Arambagh,2025-06-24,2025,6,Kharif,316.64,98.17,109.86,104.33,24,26,2,1
Wheat,Grain,Quintal,West Bengal,Hooghly,Arambagh,2024-02-23,2024,2,Rabi,661.73,2382.83,2636.77,2510.05,23,8,1,4
Banana,Fruit,Dozen,West Bengal,Purba Medinipur,Panskura,2023-01-06,2023,1,Rabi,874.11,104.5,108.17,106.54,6,1,1,4
Tomato,Vegetable,Kg,West Bengal,Purba Medinipur,Panskura,2025-11-20,2025,11,Rabi,884.5,41.84,45.67,44.25,20,47,4,3
Maize,Grain,Quintal,West Bengal,Purba Medinipur,Panskura,2024-03-01,2024,3,Rabi,810.85,1854.5,2080.11,1967.53,1,9,1,4
Mustard,Oilseed,Quintal,West Bengal,Nadia,Krishnanagar,2023-05-23,2023,5,Zaid,779.39,4292.39,4547.42,4419.41,23,21,2,1
Milk,Dairy,Litre,West Bengal,Nadia,Krishnanagar,2025-04-24,2025,4,Zaid,722.94,66.46,74.59,70.1,24,17,2,3
Rice,Grain,Quintal,West Bengal,Purba Medinipur,Panskura,2020-12-05,2020,12,Rabi,386.43,2757.61,2887.78,2823.01,5,49,4,5
Mango,Fruit,Kg,West Bengal,Purba Medinipur,Panskura,2023-10-12,2023,10,Rabi,35.55,141.32,146.53,143.5,12,41,4,3
Cotton,Fiber,Quintal,West Bengal,Purba Medinipur,Panskura,2021-03-06,2021,3,Rabi,936.47,6438.25,6861.29,6649.9,6,9,1,5
Cabbage,Vegetable,Kg,West Bengal,Hooghly,Arambagh,2023-11-02,2023,11,Rabi,848.6,26.41,28.91,27.2,2,44,4,3
Potato,Vegetable,Kg,West Bengal,Purba Medinipur,Panskura,2022-07-15,2022,7,Kharif,210.45,23.56,25.99,24.54,15,28,3,4
Banana,Fruit,Dozen,West Bengal,Nadia,Krishnanagar,2020-05-04,2020,5,Zaid,499.12,85.65,94.29,89.72,4,19,2,0
Potato,Vegetable,Kg,West Bengal,Purba Medinipur,Panskura,2023-03-14,2023,3,Rabi,874.94,38.71,41.02,39.56,14,11,1,1
Mustard Oil,Oil,Litre,West Bengal,Hooghly,Arambagh,2022-08-13,2022,8,Kharif,457.27,191.01,204.75,197.49,13,32,3,5
Wheat,Grain,Quintal,West Bengal,Nadia,Krishnanagar,2025-07-23,2025,7,Kharif,457.69,2025.7,2228.53,2126.66,23,30,3,2
Mustard Oil,Oil,Litre,West Bengal,Hooghly,Arambagh,2020-01-02,2020,1,Rabi,577.87,108.7,112.14,110.46,2,1,1,3
Potato,Vegetable,Kg,West Bengal,Nadia,Krishnanagar,2020-03-21,2020,3,Rabi,912.81,17.61,19.55,18.64,21,12,1,5
Potato,Vegetable,Kg,West Bengal,Hooghly,Arambagh,2020-05-06,2020,5,Zaid,56.07,31.42,33.64,32.93,6,19,2,2
Cabbage,Vegetable,Kg,West Bengal,Purba Medinipur,Panskura,2023-09-30,2023,9,Kharif,736.59,15.78,18.23,17.31,30,39,3,5
Potato,Vegetable,Kg,West Bengal,Nadia,Krishnanagar,2022-12-12,2022,12,Rabi,530.27,25.38,27.83,26.52,12,50,4,0
Rice,Grain,Quintal,West Bengal,Hooghly,Arambagh,2023-12-21,2023,12,Rabi,529.04,1866.18,2177.24,2021.72,21,51,4,3
Milk,Dairy,Litre,West Bengal,Purba Medinipur,Panskura,2023-07-14,2023,7,Kharif,505.44,28.26,30.55,29.53,14,28,3,4
Mango,Fruit,Kg,West Bengal,Nadia,Krishnanagar,2022-07-29,2022,7,Kharif,555.4,107.04,119.85,113.56,29,30,3,4
Onion,Vegetable,Kg,West Bengal,Nadia,Krishnanagar,2023-09-24,2023,9,Kharif,297.28,11.36,12.74,11.67,24,38,3,6
Maize,Grain,Quintal,West Bengal,Purba Medinipur,Panskura,2020-01-14,2020,1,Rabi,949.48,1684.41,1835.8,1760.45,14,3,1,1
Rice,Grain,Quintal,West Bengal,Hooghly,Arambagh,2020-09-20,2020,9,Kharif,370.84,2667.37,2801.89,2734.57,20,38,3,6
Milk,Dairy,Litre,West Bengal,Nadia,Krishnanagar,2021-03-10,2021,3,Rabi,468.15,64.03,68.82,66.59,10,10,1,2
Onion,Vegetable,Kg,West Bengal,Purba Medinipur,Panskura,2022-09-30,2022,9,Kharif,707.99,53.99,58.43,56.48,30,39,3,4
Cabbage,Vegetable,Kg,West Bengal,Purba Medinipur,Panskura,2022-10-15,2022,10,Rabi,606.73,28.14,32.13,30.35,15,41,4,5
Onion,Vegetable,Kg,West Bengal,Nadia,Krishnanagar,2022-02-05,2022,2,Rabi,370.09,25.02,28.02,26.18,5,5,1,5
Cotton,Fiber,Quintal,West Bengal,Purba Medinipur,Panskura,2025-12-22,2025,12,Rabi,770.14,5951.74,6276.9,6113.87,22,52,4,0
Wheat,Grain,Quintal,West Bengal,Hooghly,Arambagh,2025-03-14,2025,3,Rabi,479.66,2554.91,2585.39,2570.34,14,11,1,4
Mango,Fruit,Kg,West Bengal,Nadia,Krishnanagar,2023-09-17,2023,9,Kharif,206.18,39.37,45.03,42.6,17,37,3,6
Onion,Vegetable,Kg,West Bengal,Hooghly,Arambagh,2020-04-12,2020,4,Zaid,451.85,53.26,57.38,54.88,12,15,2,6
Tomato,Vegetable,Kg,West Bengal,Hooghly,Arambagh,2021-08-31,2021,8,Kharif,568.39,19.62,22.53,21.1,31,35,3,1
Mustard,Oilseed,Quintal,West Bengal,Hooghly,Arambagh,2025-11-11,2025,11,Rabi,322.67,4827.48,5259.16,5043.03,11,46,4,1
Cabbage,Vegetable,Kg,West Bengal,Hooghly,Arambagh,2021-03-16,2021,3,Rabi,660.74,13.99,16.18,15.45,16,11,1,1
Milk,Dairy,Litre,West Bengal,Nadia,Krishnanagar,2022-03-31,2022,3,Rabi,289.25,42.84,49.47,45.82,31,13,1,3
Cabbage,Vegetable,Kg,West Bengal,Nadia,Krishnanagar,2021-07-02,2021,7,Kharif,731.88,25.48,26.96,25.85,2,26,3,4
Rice,Grain,Quintal,West Bengal,Hooghly,Arambagh,2024-11-21,2024,11,Rabi,259.76,2520.98,2775.96,2648.41,21,47,4,3
Maize,Grain,Quintal,West Bengal,Purba Medinipur,Panskura,2025-05-17,2025,5,Zaid,226.14,1676.89,1733.8,1705.8,17,20,2,5
Onion,Vegetable,Kg,West Bengal,Purba Medinipur,Panskura,2023-09-01,2023,9,Kharif,417.48,22.14,24.1,23.14,1,35,3,4
Milk,Dairy,Litre,West Bengal,Purba Medinipur,Panskura,2024-03-20,2024,3,Rabi,701.52,68.33,72.84,70.36,20,12,1,2
Potato,Vegetable,Kg,West Bengal,Nadia,Krishnanagar,2022-09-02,2022,9,Kharif,226.7,20.3,22.44,21.6,2,35,3,4
Brinjal,Vegetable,Kg,West Bengal,Hooghly,Arambagh,2023-02-27,2023,2,Rabi,419.71,29.89,31.9,31.32,27,9,1,0
Wheat,Grain,Quintal,West Bengal,Hooghly,Arambagh,2022-01-20,2022,1,Rabi,744.4,2450.57,2679.42,2565.44,20,3,1,3
Milk,Dairy,Litre,West Bengal,Purba Medinipur,Panskura,2020-10-25,2020,10,Rabi,755.39,60.22,67.08,63.38,25,43,4,6
Milk,Dairy,Litre,West Bengal,Purba Medinipur,Panskura,2021-09-12,2021,9,Kharif,295.13,40.06,43.31,42.01,12,36,3,6
Mustard Oil,Oil,Litre,West Bengal,Purba Medinipur,Panskura,2023-02-24,2023,2,Rabi,309.77,199.7,208.55,204.52,24,8,1,4
Cotton,Fiber,Quintal,West Bengal,Hooghly,Arambagh,2020-06-01,2020,6,Kharif,304.49,6818.7,7595.74,7206.94,1,23,2,0
Rice,Grain,Quintal,West Bengal,Hooghly,Arambagh,2025-09-25,2025,9,Kharif,710.4,2068.58,2308.22,2188.22,25,39,3,3
Mustard Oil,Oil,Litre,West Bengal,Nadia,Krishnanagar,2025-11-07,2025,11,Rabi,785.92,134.66,156.51,145.54,7,45,4,4
Mustard,Oilseed,Quintal,West Bengal,Nadia,Krishnanagar,2020-07-03,2020,7,Kharif,774.67,5833.46,6302.74,6068.23,3,27,3,4
Mustard,Oilseed,Quintal,West Bengal,Nadia,Krishnanagar,2021-05-14,2021,5,Zaid,42.16,4633.94,5066.63,4849.82,14,19,2,4
Maize,Grain,Quintal,West Bengal,Hooghly,Arambagh,2022-04-27,2022,4,Zaid,230.94,2469.2,2676.73,2572.57,27,17,2,2
Mustard Oil,Oil,Litre,West Bengal,Nadia,Krishnanagar,2025-02-13,2025,2,Rabi,336.47,138.74,159.94,149.48,13,7,1,3
Potato,Vegetable,Kg,West Bengal,Purba Medinipur,Panskura,2020-05-19,2020,5,Zaid,144.4,9.77,11.29,10.8,19,21,2,1
Milk,Dairy,Litre,West Bengal,Purba Medinipur,Panskura,2021-07-13,2021,7,Kharif,278.13,58.05,65.71,61.39,13,28,3,1
Brinjal,Vegetable,Kg,West Bengal,Hooghly,Arambagh,2022-08-29,2022,8,Kharif,289.78,36.13,38.82,37.42,29,35,3,0
Maize,Grain,Quintal,West Bengal,Purba Medinipur,Panskura,2024-05-10,2024,5,Zaid,278.03,2431.36,2596.72,2514.08,10,19,2,4
Maize,Grain,Quintal,West Bengal,Purba Medinipur,Panskura,2021-02-22,2021,2,Rabi,850.9,1762.91,1955.67,1859.73,22,8,1,0
Onion,Vegetable,Kg,West Bengal,Hooghly,Arambagh,2020-11-18,2020,11,Rabi,597.79,30.59,35.47,32.94,18,47,4,2
Cotton,Fiber,Quintal,West Bengal,Purba Medinipur,Panskura,2024-10-20,2024,10,Rabi,209.73,5922.42,6609.2,6266.24,20,42,4,6
Wheat,Grain,Quintal,West Bengal,Hooghly,Arambagh,2025-06-25,2025,6,Kharif,332.09,2384.76,2521.92,2453.51,25,26,2,2
Cotton,Fiber,Quintal,West Bengal,Hooghly,Arambagh,2024-05-15,2024,5,Zaid,312.28,6686.6,7156.78,6921.64,15,20,2,2
Banana,Fruit,Dozen,West Bengal,Nadia,Krishnanagar,2024-04-05,2024,4,Zaid,799.93,35.52,37.79,36.31,5,14,2,4
Cabbage,Vegetable,Kg,West Bengal,Hooghly,Arambagh,2020-08-26,2020,8,Kharif,744.7,12.95,14.78,13.99,26,35,3,2
Cabbage,Vegetable,Kg,West Bengal,Nadia,Krishnanagar,2022-01-30,2022,1,Rabi,426.81,15.38,17.81,16.79,30,4,1,6
Milk,Dairy,Litre,West Bengal,Hooghly,Arambagh,2024-12-26,2024,12,Rabi,370.33,37.38,42.17,39.37,26,52,4,3
Potato,Vegetable,Kg,West Bengal,Nadia,Krishnanagar,2025-04-27,2025,4,Zaid,174.41,19.87,21.81,20.46,27,17,2,6
Cotton,Fiber,Quintal,West Bengal,Hooghly,Arambagh,2025-07-04,2025,7,Kharif,174.31,4843.93,5311.66,5077.43,4,27,3,4
Onion,Vegetable,Kg,West Bengal,Purba Medinipur,Panskura,2020-01-31,2020,1,Rabi,61.49,29.96,32.35,31.23,31,5,1,4
Mustard Oil,Oil,Litre,West Bengal,Purba Medinipur,Panskura,2020-11-24,2020,11,Rabi,785.45,150.15,159.62,154.46,24,48,4,1
Tomato,Vegetable,Kg,West Bengal,Hooghly,Arambagh,2023-07-14,2023,7,Kharif,918.09,54.9,58.66,56.91,14,28,3,4
Potato,Vegetable,Kg,West Bengal,Purba Medinipur,Panskura,2020-05-28,2020,5,Zaid,21.74,31.36,34.38,33.3,28,22,2,3
Potato,Vegetable,Kg,West Bengal,Nadia,Krishnanagar,2021-02-09,2021,2,Rabi,49.21,26.34,27.62,27.23,9,6,1,1
Milk,Dairy,Litre,West Bengal,Nadia,Krishnanagar,2022-05-06,2022,5,Zaid,520.75,50.66,55.21,53.2,6,18,2,4
Potato,Vegetable,Kg,West Bengal,Nadia,Krishnanagar,2023-05-29,2023,5,Zaid,104.7,17.4,19.01,17.79,29,22,2,0
Cabbage,Vegetable,Kg,West Bengal,Purba Medinipur,Panskura,2020-09-09,2020,9,Kharif,248.8,26.76,28.67,27.69,9,37,3,2
Rice,Grain,Quintal,West Bengal,Hooghly,Arambagh,2020-09-16,2020,9,Kharif,58.25,2345.14,2476.71,2410.72,16,38,3,2
Potato,Vegetable,Kg,West Bengal,Hooghly,Arambagh,2023-05-13,2023,5,Zaid,66.52,36.87,41.05,38.79,13,19,2,5
Mustard Oil,Oil,Litre,West Bengal,Purba Medinipur,Panskura,2021-07-10,2021,7,Kharif,547.06,143.38,156.76,149.76,10,27,3,5
Cotton,Fiber,Quintal,West Bengal,Purba Medinipur,Panskura,2023-05-26,2023,5,Zaid,33.71,6235.15,6461.5,6348.49,26,21,2,4
Potato,Vegetable,Kg,West Bengal,Nadia,Krishnanagar,2025-02-04,2025,2,Rabi,671.96,16.8,19.14,17.66,4,6,1,1
Cotton,Fiber,Quintal,West Bengal,Purba Medinipur,Panskura,2025-07-24,2025,7,Kharif,796.08,5590.91,6485.1,6038.35,24,30,3,3
Maize,Grain,Quintal,West Bengal,Hooghly,Arambagh,2024-04-21,2024,4,Zaid,615.9,1780.21,1961.08,1870.85,21,16,2,6
Brinjal,Vegetable,Kg,West Bengal,Purba Medinipur,Panskura,2025-01-30,2025,1,Rabi,256.91,24.5,26.25,25.03,30,5,1,3
Mango,Fruit,Kg,West Bengal,Purba Medinipur,Panskura,2025-03-07,2025,3,Rabi,417.63,86.26,95.13,90.85,7,10,1,4
Maize,Grain,Quintal,West Bengal,Hooghly,Arambagh,2023-01-09,2023,1,Rabi,443.45,1724.83,1774.7,1749.73,9,2,1,0
Onion,Vegetable,Kg,West Bengal,Nadia,Krishnanagar,2022-07-27,2022,7,Kharif,947.16,12.15,13.36,13.13,27,30,3,2
Cabbage,Vegetable,Kg,West Bengal,Purba Medinipur,Panskura,2021-08-13,2021,8,Kharif,429.24,15.23,16.66,15.82,13,32,3,4
Milk,Dairy,Litre,West Bengal,Nadia,Krishnanagar,2022-04-27,2022,4,Zaid,173.37,42.99,46.33,44.97,27,17,2,2
Mango,Fruit,Kg,West Bengal,Nadia,Krishnanagar,2023-09-06,2023,9,Kharif,349.7,77.46,84.29,80.53,6,36,3,2
Tomato,Vegetable,Kg,West Bengal,Hooghly,Arambagh,2024-02-03,2024,2,Rabi,131.53,41.73,44.63,43.1,3,5,1,5
Potato,Vegetable,Kg,West Bengal,Hooghly,Arambagh,2022-11-22,2022,11,Rabi,796.92,22.06,24.41,23.19,22,47,4,1
Wheat,Grain,Quintal,West Bengal,Hooghly,Arambagh,2023-12-17,2023,12,Rabi,721.47,1987.96,2170.71,2079.14,17,50,4,6
Mango,Fruit,Kg,West Bengal,Purba Medinipur,Panskura,2023-02-10,2023,2,Rabi,358.92,139.02,144.44,141.7,10,6,1,4
Brinjal,Vegetable,Kg,West Bengal,Purba Medinipur,Panskura,2023-01-08,2023,1,Rabi,339.67,18.96,21.28,19.88,8,1,1,6
Potato,Vegetable,Kg,West Bengal,Nadia,Krishnanagar,2022-07-30,2022,7,Kharif,366.75,38.42,41.24,39.63,30,30,3,5
Maize,Grain,Quintal,West Bengal,Hooghly,Arambagh,2021-11-28,2021,11,Rabi,182.36,1655.04,1860.92,1758.16,28,47,4,6
Mustard Oil,Oil,Litre,West Bengal,Hooghly,Arambagh,2021-02-06,2021,2,Rabi,618.1,218.09,237.98,227.8,6,5,1,5
Brinjal,Vegetable,Kg,West Bengal,Hooghly,Arambagh,2025-09-18,2025,9,Kharif,542.76,30.39,31.84,31.48,18,38,3,3
Mustard Oil,Oil,Litre,West Bengal,Nadia,Krishnanagar,2022-08-09,2022,8,Kharif,27.9,203.43,221.42,212.86,9,32,3,1
Tomato,Vegetable,Kg,West Bengal,Purba Medinipur,Panskura,2020-10-29,2020,10,Rabi,911.64,27.49,32.12,29.86,29,44,4,3
Potato,Vegetable,Kg,West Bengal,Purba Medinipur,Panskura,2024-01-06,2024,1,Rabi,54.47,12.89,14.08,13.97,6,1,1,5
Mango,Fruit,Kg,West Bengal,Hooghly,Arambagh,2022-07-08,2022,7,Kharif,436.61,88.76,99.38,93.78,8,27,3,4
Mustard,Oilseed,Quintal,West Bengal,Purba Medinipur,Panskura,2023-03-02,2023,3,Rabi,202.53,5864.99,6158.52,6012.01,2,9,1,3
Wheat,Grain,Quintal,West Bengal,Nadia,Krishnanagar,2025-05-04,2025,5,Zaid,41.21,2181.55,2378.47,2280.38,4,18,2,6
Cotton,Fiber,Quintal,West Bengal,Nadia,Krishnanagar,2020-11-28,2020,11,Rabi,224.81,5138.25,5564.44,5351.69,28,48,4,5
Banana,Fruit,Dozen,West Bengal,Nadia,Krishnanagar,2021-04-04,2021,4,Zaid,154.65,27.87,30.65,29.6,4,13,2,6
Cotton,Fiber,Quintal,West Bengal,Hooghly,Arambagh,2021-08-03,2021,8,Kharif,775.22,7662.92,8438.38,8050.37,3,31,3,1
Rice,Grain,Quintal,West Bengal,Purba Medinipur,Panskura,2024-05-20,2024,5,Zaid,373.29,2747.12,3171.12,2958.7,20,21,2,0
Onion,Vegetable,Kg,West Bengal,Hooghly,Arambagh,2025-07-18,2025,7,Kharif,180.45,56.26,58.75,57.28,18,29,3,4
Brinjal,Vegetable,Kg,West Bengal,Purba Medinipur,Panskura,2020-03-23,2020,3,Rabi,519.86,19.34,21.8,20.45,23,13,1,0
Banana,Fruit,Dozen,West Bengal,Purba Medinipur,Panskura,2022-07-10,2022,7,Kharif,846.84,63.09,68.25,65.44,10,27,3,6
Tomato,Vegetable,Kg,West Bengal,Hooghly,Arambagh,2022-12-17,2022,12,Rabi,931.41,53.19,55.67,54.32,17,50,4,5
Milk,Dairy,Litre,West Bengal,Nadia,Krishnanagar,2021-04-21,2021,4,Zaid,666.94,41.74,43.63,42.6,21,16,2,2
Rice,Grain,Quintal,West Bengal,Hooghly,Arambagh,2024-03-31,2024,3,Rabi,478.28,1992.0,2025.07,2008.58,31,13,1,6
Tomato,Vegetable,Kg,West Bengal,Nadia,Krishnanagar,2022-09-11,2022,9,Kharif,122.43,43.24,47.26,44.9,11,36,3,6
Cotton,Fiber,Quintal,West Bengal,Hooghly,Arambagh,2020-08-06,2020,8,Kharif,782.3,8613.91,9352.63,8983.15,6,32,3,3
Milk,Dairy,Litre,West Bengal,Purba Medinipur,Panskura,2024-08-02,2024,8,Kharif,628.83,38.36,42.26,40.14,2,31,3,4
Cotton,Fiber,Quintal,West Bengal,Nadia,Krishnanagar,2023-07-28,2023,7,Kharif,547.81,7416.52,7753.93,7585.01,28,30,3,4
Mustard,Oilseed,Quintal,West Bengal,Hooghly,Arambagh,2025-07-08,2025,7,Kharif,342.77,6712.15,6782.73,6747.66,8,28,3,1
Banana,Fruit,Dozen,West Bengal,Hooghly,Arambagh,2025-03-27,2025,3,Rabi,192.31,56.46,59.94,57.87,27,13,1,3
Mango,Fruit,Kg,West Bengal,Purba Medinipur,Panskura,2023-06-21,2023,6,Kharif,267.42,103.63,110.39,106.78,21,25,2,2
Mustard,Oilseed,Quintal,West Bengal,Purba Medinipur,Panskura,2024-09-16,2024,9,Kharif,61.54,6884.04,7454.44,7169.34,16,38,3,0
Wheat,Grain,Quintal,West Bengal,Purba Medinipur,Panskura,2023-11-15,2023,11,Rabi,112.96,2735.03,2878.13,2806.71,15,46,4,2
Tomato,Vegetable,Kg,West Bengal,Hooghly,Arambagh,2021-08-23,2021,8,Kharif,315.31,12.69,14.14,13.81,23,34,3,0
Tomato,Vegetable,Kg,West Bengal,Purba Medinipur,Panskura,2025-04-20,2025,4,Zaid,354.74,14.55,16.6,15.43,20,16,2,6
Banana,Fruit,Dozen,West Bengal,Purba Medinipur,Panskura,2021-05-26,2021,5,Zaid,576.26,71.46,80.49,75.88,26,21,2,2
Maize,Grain,Quintal,West Bengal,Nadia,Krishnanagar,2023-08-23,2023,8,Kharif,213.49,2571.86,2754.61,2663.25,23,34,3,2
Mustard,Oilseed,Quintal,West Bengal,Nadia,Krishnanagar,2022-02-10,2022,2,Rabi,265.38,4372.12,4893.26,4632.27,10,6,1,3
Onion,Vegetable,Kg,West Bengal,Purba Medinipur,Panskura,2024-09-10,2024,9,Kharif,573.4,19.94,21.6,20.66,10,37,3,1
Tomato,Vegetable,Kg,West Bengal,Nadia,Krishnanagar,2021-05-17,2021,5,Zaid,127.03,15.31,17.45,16.04,17,20,2,0
Milk,Dairy,Litre,West Bengal,Nadia,Krishnanagar,2020-08-04,2020,8,Kharif,849.09,33.87,37.77,35.65,4,32,3,1
Wheat,Grain,Quintal,West Bengal,Hooghly,Arambagh,2023-05-26,2023,5,Zaid,338.74,1789.08,1908.96,1849.08,26,21,2,4
Wheat,Grain,Quintal,West Bengal,Nadia,Krishnanagar,2021-04-04,2021,4,Zaid,116.9,2327.78,2435.29,2381.9,4,13,2,6
Milk,Dairy,Litre,West Bengal,Hooghly,Arambagh,2023-05-05,2023,5,Zaid,461.45,39.68,43.4,41.74,5,18,2,4
Cotton,Fiber,Quintal,West Bengal,Nadia,Krishnanagar,2020-01-22,2020,1,Rabi,228.29,6427.98,6928.22,6677.63,22,4,1,2
Banana,Fruit,Dozen,West Bengal,Purba Medinipur,Panskura,2022-09-21,2022,9,Kharif,174.14,25.8,28.47,27.5,21,38,3,2
Tomato,Vegetable,Kg,West Bengal,Hooghly,Arambagh,2020-05-12,2020,5,Zaid,857.34,26.84,30.73,29.28,12,20,2,1
Onion,Vegetable,Kg,West Bengal,Nadia,Krishnanagar,2022-08-04,2022,8,Kharif,693.99,44.4,45.67,45.41,4,31,3,3
Wheat,Grain,Quintal,West Bengal,Nadia,Krishnanagar,2023-08-19,2023,8,Kharif,61.29,1651.05,1790.27,1721.01,19,33,3,5
Brinjal,Vegetable,Kg,West Bengal,Nadia,Krishnanagar,2024-12-29,2024,12,Rabi,313.62,41.13,46.97,44.54,29,52,4,6
Potato,Vegetable,Kg,West Bengal,Nadia,Krishnanagar,2021-05-27,2021,5,Zaid,619.27,20.67,22.25,21.34,27,21,2,3
Mango,Fruit,Kg,West Bengal,Nadia,Krishnanagar,2020-02-13,2020,2,Rabi,561.86,81.58,88.7,84.9,13,7,1,3
Cotton,Fiber,Quintal,West Bengal,Hooghly,Arambagh,2020-02-04,2020,2,Rabi,435.82,6548.69,7575.26,7061.79,4,6,1,1
Mustard Oil,Oil,Litre,West Bengal,Purba Medinipur,Panskura,2021-02-03,2021,2,Rabi,280.57,153.54,171.19,162.32,3,5,1,2
Wheat,Grain,Quintal,West Bengal,Hooghly,Arambagh,2025-08-14,2025,8,Kharif,455.28,1799.6,2005.93,1902.63,14,33,3,3
Banana,Fruit,Dozen,West Bengal,Purba Medinipur,Panskura,2024-07-21,2024,7,Kharif,553.9,60.14,65.77,63.08,21,29,3,6
Rice,Grain,Quintal,West Bengal,Nadia,Krishnanagar,2022-09-09,2022,9,Kharif,93.87,2495.13,2552.77,2523.79,9,36,3,4
Banana,Fruit,Dozen,West Bengal,Purba Medinipur,Panskura,2024-05-06,2024,5,Zaid,124.43,26.54,29.7,28.15,6,19,2,0
Mango,Fruit,Kg,West Bengal,Hooghly,Arambagh,2025-01-25,2025,1,Rabi,420.18,165.67,180.65,173.54,25,4,1,5
Wheat,Grain,Quintal,West Bengal,Nadia,Krishnanagar,2025-01-28,2025,1,Rabi,782.96,2794.13,3059.83,2927.08,28,5,1,1
Brinjal,Vegetable,Kg,West Bengal,Hooghly,Arambagh,2020-12-21,2020,12,Rabi,228.18,25.57,28.17,26.65,21,52,4,0
Brinjal,Vegetable,Kg,West Bengal,Hooghly,Arambagh,2022-06-07,2022,6,Kharif,655.37,44.37,46.02,44.84,7,23,2,1
Cotton,Fiber,Quintal,West Bengal,Purba Medinipur,Panskura,2024-04-14,2024,4,Zaid,524.37,5393.48,5884.97,5638.84,14,15,2,6
Cotton,Fiber,Quintal,West Bengal,Hooghly,Arambagh,2020-05-04,2020,5,Zaid,179.2,6104.73,6269.89,6186.83,4,19,2,0
Maize,Grain,Quintal,West Bengal,Nadia,Krishnanagar,2024-09-18,2024,9,Kharif,261.01,2053.99,2211.55,2132.95,18,38,3,2
Mustard Oil,Oil,Litre,West Bengal,Purba Medinipur,Panskura,2021-04-05,2021,4,Zaid,664.7,152.96,172.12,162.86,5,14,2,0
Rice,Grain,Quintal,West Bengal,Nadia,Krishnanagar,2025-02-17,2025,2,Rabi,94.47,1820.9,1930.98,1875.61,17,8,1,0
Onion,Vegetable,Kg,West Bengal,Purba Medinipur,Panskura,2021-09-02,2021,9,Kharif,62.93,18.72,21.44,19.88,2,35,3,3
Rice,Grain,Quintal,West Bengal,Purba Medinipur,Panskura,2025-09-30,2025,9,Kharif,838.53,2362.89,2521.05,2441.59,30,40,3,1
Mustard,Oilseed,Quintal,West Bengal,Nadia,Krishnanagar,2021-08-02,2021,8,Kharif,781.43,5094.78,5712.32,5403.4,2,31,3,0
Mango,Fruit,Kg,West Bengal,Hooghly,Arambagh,2022-05-15,2022,5,Zaid,419.89,144.72,155.76,149.97,15,19,2,6
Mustard,Oilseed,Quintal,West Bengal,Purba Medinipur,Panskura,2021-10-03,2021,10,Rabi,582.76,5612.52,6093.58,5852.68,3,39,4,6
Brinjal,Vegetable,Kg,West Bengal,Nadia,Krishnanagar,2021-06-15,2021,6,Kharif,739.78,17.48,19.42,18.09,15,24,2,1
Banana,Fruit,Dozen,West Bengal,Purba Medinipur,Panskura,2025-12-12,2025,12,Rabi,356.69,65.37,69.13,67.7,12,50,4,4
Tomato,Vegetable,Kg,West Bengal,Hooghly,Arambagh,2020-07-29,2020,7,Kharif,126.56,47.77,53.07,50.69,29,31,3,2
Mustard,Oilseed,Quintal,West Bengal,Purba Medinipur,Panskura,2024-06-18,2024,6,Kharif,143.91,4789.89,5043.01,4916.02,18,25,2,1
Mustard,Oilseed,Quintal,West Bengal,Nadia,Krishnanagar,2023-03-03,2023,3,Rabi,471.35,6471.83,7128.33,6800.36,3,9,1,4
Mustard,Oilseed,Quintal,West Bengal,Hooghly,Arambagh,2020-04-27,2020,4,Zaid,201.57,4873.01,5451.47,5162.13,27,18,2,0
Wheat,Grain,Quintal,West Bengal,Hooghly,Arambagh,2024-04-10,2024,4,Zaid,147.31,2591.97,2677.73,2634.61,10,15,2,2
Mustard,Oilseed,Quintal,West Bengal,Hooghly,Arambagh,2022-04-04,2022,4,Zaid,834.64,4336.57,4946.11,4641.62,4,14,2,0
Potato,Vegetable,Kg,West Bengal,Nadia,Krishnanagar,2022-07-27,2022,7,Kharif,781.29,37.94,41.86,40.24,27,30,3,2
Mustard,Oilseed,Quintal,West Bengal,Purba Medinipur,Panskura,2022-05-28,2022,5,Zaid,905.31,5543.38,6091.71,5817.29,28,21,2,5
Wheat,Grain,Quintal,West Bengal,Hooghly,Arambagh,2022-11-03,2022,11,Rabi,62.86,2396.52,2516.29,2456.0,3,44,4,3
Maize,Grain,Quintal,West Bengal,Hooghly,Arambagh,2020-09-02,2020,9,Kharif,497.24,2090.83,2374.89,2232.59,2,36,3,2
Rice,Grain,Quintal,West Bengal,Nadia,Krishnanagar,2023-11-06,2023,11,Rabi,808.51,1831.56,2054.37,1942.99,6,45,4,0
Cabbage,Vegetable,Kg,West Bengal,Hooghly,Arambagh,2024-09-10,2024,9,Kharif,691.01,25.16,28.43,26.49,10,37,3,1
Rice,Grain,Quintal,West Bengal,Hooghly,Arambagh,2024-04-08,2024,4,Zaid,627.25,2890.51,3219.53,3054.56,8,15,2,0
Potato,Vegetable,Kg,West Bengal,Hooghly,Arambagh,2022-06-24,2022,6,Kharif,819.61,34.5,38.24,36.23,24,25,2,4
Brinjal,Vegetable,Kg,West Bengal,Hooghly,Arambagh,2021-06-05,2021,6,Kharif,856.43,24.13,27.91,26.1,5,22,2,5
Onion,Vegetable,Kg,West Bengal,Hooghly,Arambagh,2023-06-21,2023,6,Kharif,895.72,32.3,36.06,34.43,21,25,2,2
Milk,Dairy,Litre,West Bengal,Nadia,Krishnanagar,2022-07-26,2022,7,Kharif,532.87,63.27,66.03,64.57,26,30,3,1
Maize,Grain,Quintal,West Bengal,Nadia,Krishnanagar,2024-11-24,2024,11,Rabi,411.18,1596.73,1725.46,1661.16,24,47,4,6
Mango,Fruit,Kg,West Bengal,Nadia,Krishnanagar,2023-10-06,2023,10,Rabi,696.1,71.58,73.88,72.85,6,40,4,4
Mango,Fruit,Kg,West Bengal,Nadia,Krishnanagar,2025-03-22,2025,3,Rabi,905.84,46.68,49.56,48.22,22,12,1,5
Rice,Grain,Quintal,West Bengal,Purba Medinipur,Panskura,2024-01-17,2024,1,Rabi,381.42,2606.5,2716.45,2661.68,17,3,1,2
Mustard,Oilseed,Quintal,West Bengal,Hooghly,Arambagh,2021-01-11,2021,1,Rabi,471.97,7091.8,7590.56,7341.11,11,2,1,0
Maize,Grain,Quintal,West Bengal,Nadia,Krishnanagar,2023-06-20,2023,6,Kharif,806.96,2009.35,2152.03,2081.19,20,25,2,1
Brinjal,Vegetable,Kg,West Bengal,Nadia,Krishnanagar,2022-05-31,2022,5,Zaid,622.69,41.66,44.35,43.17,31,22,2,1
Rice,Grain,Quintal,West Bengal,Nadia,Krishnanagar,2024-09-04,2024,9,Kharif,274.16,2027.98,2307.57,2167.87,4,36,3,2
Milk,Dairy,Litre,West Bengal,Nadia,Krishnanagar,2020-06-22,2020,6,Kharif,675.54,64.95,72.58,69.09,22,26,2,0
Wheat,Grain,Quintal,West Bengal,Purba Medinipur,Panskura,2025-01-20,2025,1,Rabi,173.29,2506.31,2612.86,2560.05,20,4,1,0
Maize,Grain,Quintal,West Bengal,Nadia,Krishnanagar,2023-11-09,2023,11,Rabi,317.23,1831.03,2058.47,1945.2,9,45,4,3
Cabbage,Vegetable,Kg,West Bengal,Purba Medinipur,Panskura,2025-12-09,2025,12,Rabi,378.02,18.31,20.7,19.64,9,50,4,1
Mustard,Oilseed,Quintal,West Bengal,Nadia,Krishnanagar,2021-07-26,2021,7,Kharif,832.62,5471.67,5888.28,5680.26,26,30,3,0
Cotton,Fiber,Quintal,West Bengal,Purba Medinipur,Panskura,2021-01-20,2021,1,Rabi,511.03,5938.22,6905.59,6421.69,20,3,1,2
Mustard Oil,Oil,Litre,West Bengal,Hooghly,Arambagh,2024-05-12,2024,5,Zaid,948.62,200.15,214.23,206.92,12,19,2,6
Mustard,Oilseed,Quintal,West Bengal,Hooghly,Arambagh,2022-01-06,2022,1,Rabi,74.19,5511.88,6125.1,5818.24,6,1,1,3
Brinjal,Vegetable,Kg,West Bengal,Nadia,Krishnanagar,2020-12-22,2020,12,Rabi,796.26,15.6,17.27,16.0,22,52,4,1
Wheat,Grain,Quintal,West Bengal,Hooghly,Arambagh,2024-11-16,2024,11,Rabi,46.36,2560.64,2682.35,2621.4,16,46,4,5
Onion,Vegetable,Kg,West Bengal,Purba Medinipur,Panskura,2022-01-02,2022,1,Rabi,636.35,49.3,52.16,50.87,2,52,1,6
Banana,Fruit,Dozen,West Bengal,Nadia,Krishnanagar,2025-09-15,2025,9,Kharif,445.58,96.49,106.0,101.2,15,38,3,0
Tomato,Vegetable,Kg,West Bengal,Hooghly,Arambagh,2025-10-04,2025,10,Rabi,498.64,42.55,45.63,44.33,4,40,4,5
Maize,Grain,Quintal,West Bengal,Purba Medinipur,Panskura,2021-06-07,2021,6,Kharif,470.76,1901.09,1989.5,1945.54,7,23,2,0
Cotton,Fiber,Quintal,West Bengal,Purba Medinipur,Panskura,2025-12-20,2025,12,Rabi,93.17,7757.47,8014.62,7885.6,20,51,4,5
Banana,Fruit,Dozen,West Bengal,Purba Medinipur,Panskura,2022-03-03,2022,3,Rabi,115.03,89.78,96.47,93.28,3,9,1,3
Brinjal,Vegetable,Kg,West Bengal,Purba Medinipur,Panskura,2024-09-24,2024,9,Kharif,864.06,17.12,19.33,18.62,24,39,3,1
Mustard,Oilseed,Quintal,West Bengal,Hooghly,Arambagh,2023-04-19,2023,4,Zaid,678.2,6091.65,6794.66,6443.45,19,16,2,2
Cabbage,Vegetable,Kg,West Bengal,Nadia,Krishnanagar,2024-05-29,2024,5,Zaid,267.7,30.74,33.66,31.74,29,22,2,2
Mustard Oil,Oil,Litre,West Bengal,Purba Medinipur,Panskura,2021-12-15,2021,12,Rabi,188.21,111.01,121.02,116.47,15,50,4,2
Brinjal,Vegetable,Kg,West Bengal,Hooghly,Arambagh,2025-07-02,2025,7,Kharif,121.6,39.28,42.57,40.48,2,27,3,2
Banana,Fruit,Dozen,West Bengal,Hooghly,Arambagh,2020-05-21,2020,5,Zaid,657.11,51.35,56.9,54.19,21,21,2,3
Mango,Fruit,Kg,West Bengal,Nadia,Krishnanagar,2023-04-07,2023,4,Zaid,382.42,57.11,63.98,60.86,7,14,2,4
Cotton,Fiber,Quintal,West Bengal,Nadia,Krishnanagar,2025-04-09,2025,4,Zaid,584.56,5054.52,5882.41,5468.19,9,15,2,2
Tomato,Vegetable,Kg,West Bengal,Nadia,Krishnanagar,2021-08-28,2021,8,Kharif,41.17,17.31,18.6,17.77,28,34,3,5
Cabbage,Vegetable,Kg,West Bengal,Hooghly,Arambagh,2025-08-07,2025,8,Kharif,670.67,29.92,31.92,30.65,7,32,3,3
Onion,Vegetable,Kg,West Bengal,Purba Medinipur,Panskura,2024-07-25,2024,7,Kharif,145.58,36.78,40.85,38.71,25,30,3,3
Cabbage,Vegetable,Kg,West Bengal,Nadia,Krishnanagar,2024-07-12,2024,7,Kharif,238.9,16.34,18.48,17.9,12,28,3,4
Brinjal,Vegetable,Kg,West Bengal,Nadia,Krishnanagar,2024-09-24,2024,9,Kharif,800.2,28.09,29.78,28.89,24,39,3,1
Mango,Fruit,Kg,West Bengal,Nadia,Krishnanagar,2024-12-17,2024,12,Rabi,50.62,54.96,56.79,56.37,17,51,4,1
Wheat,Grain,Quintal,West Bengal,Nadia,Krishnanagar,2020-01-25,2020,1,Rabi,834.36,2052.13,2144.4,2098.39,25,4,1,5
Cotton,Fiber,Quintal,West Bengal,Purba Medinipur,Panskura,2024-02-07,2024,2,Rabi,713.54,6634.11,7150.81,6892.19,7,6,1,2
Cabbage,Vegetable,Kg,West Bengal,Hooghly,Arambagh,2025-08-22,2025,8,Kharif,547.23,13.15,14.88,14.04,22,34,3,4
Wheat,Grain,Quintal,West Bengal,Hooghly,Arambagh,2021-09-02,2021,9,Kharif,247.85,1960.18,2053.62,2007.03,2,35,3,3
Rice,Grain,Quintal,West Bengal,Nadia,Krishnanagar,2023-01-14,2023,1,Rabi,260.7,2166.74,2290.31,2228.93,14,2,1,5
Maize,Grain,Quintal,West Bengal,Hooghly,Arambagh,2021-08-23,2021,8,Kharif,252.73,2298.86,2523.63,2411.3,23,34,3,0
Banana,Fruit,Dozen,West Bengal,Purba Medinipur,Panskura,2020-03-02,2020,3,Rabi,119.36,36.14,40.17,38.5,2,10,1,0
Potato,Vegetable,Kg,West Bengal,Nadia,Krishnanagar,2022-01-19,2022,1,Rabi,715.6,10.93,12.26,11.57,19,3,1,2
Banana,Fruit,Dozen,West Bengal,Nadia,Krishnanagar,2022-02-17,2022,2,Rabi,645.93,34.73,38.06,36.02,17,7,1,3
Brinjal,Vegetable,Kg,West Bengal,Purba Medinipur,Panskura,2021-12-30,2021,12,Rabi,796.36,24.4,25.96,25.32,30,52,4,3
Banana,Fruit,Dozen,West Bengal,Nadia,Krishnanagar,2023-06-25,2023,6,Kharif,258.01,98.63,111.78,104.99,25,25,2,6
Mango,Fruit,Kg,West Bengal,Hooghly,Arambagh,2023-03-15,2023,3,Rabi,840.93,135.53,157.08,146.11,15,11,1,2
Mustard,Oilseed,Quintal,West Bengal,Purba Medinipur,Panskura,2024-05-04,2024,5,Zaid,482.53,6684.55,7101.11,6892.86,4,18,2,5
Cotton,Fiber,Quintal,West Bengal,Nadia,Krishnanagar,2022-03-03,2022,3,Rabi,915.41,5925.23,6667.05,6296.24,3,9,1,3
Brinjal,Vegetable,Kg,West Bengal,Nadia,Krishnanagar,2024-02-02,2024,2,Rabi,824.48,24.88,27.98,26.09,2,5,1,4
Cotton,Fiber,Quintal,West Bengal,Hooghly,Arambagh,2022-03-07,2022,3,Rabi,860.77,7739.67,8412.23,8075.51,7,10,1,0
Brinjal,Vegetable,Kg,West Bengal,Purba Medinipur,Panskura,2024-04-09,2024,4,Zaid,195.36,24.46,26.69,25.63,9,15,2,1
Rice,Grain,Quintal,West Bengal,Purba Medinipur,Panskura,2022-07-03,2022,7,Kharif,662.17,2892.17,3005.24,2948.65,3,26,3,6
Rice,Grain,Quintal,West Bengal,Purba Medinipur,Panskura,2025-07-02,2025,7,Kharif,235.2,2640.31,2725.56,2683.16,2,27,3,2
Mustard,Oilseed,Quintal,West Bengal,Purba Medinipur,Panskura,2020-12-14,2020,12,Rabi,741.13,5963.62,6613.8,6289.02,14,51,4,0
Milk,Dairy,Litre,West Bengal,Purba Medinipur,Panskura,2025-08-04,2025,8,Kharif,605.55,64.36,70.07,67.09,4,32,3,0
Mustard,Oilseed,Quintal,West Bengal,Nadia,Krishnanagar,2020-04-16,2020,4,Zaid,785.26,5957.24,6156.23,6057.21,16,16,2,3
Mustard Oil,Oil,Litre,West Bengal,Nadia,Krishnanagar,2024-08-12,2024,8,Kharif,672.29,124.42,134.58,129.35,12,33,3,0
Milk,Dairy,Litre,West Bengal,Purba Medinipur,Panskura,2023-01-14,2023,1,Rabi,101.82,43.71,45.29,44.32,14,2,1,5
Maize,Grain,Quintal,West Bengal,Nadia,Krishnanagar,2025-05-17,2025,5,Zaid,899.44,1467.11,1643.67,1555.62,17,20,2,5
Onion,Vegetable,Kg,West Bengal,Hooghly,Arambagh,2023-06-01,2023,6,Kharif,39.47,54.35,59.09,56.61,1,22,2,3
Brinjal,Vegetable,Kg,West Bengal,Purba Medinipur,Panskura,2025-11-20,2025,11,Rabi,648.96,40.8,43.94,42.39,20,47,4,3
Wheat,Grain,Quintal,West Bengal,Purba Medinipur,Panskura,2020-10-27,2020,10,Rabi,99.11,1596.14,1855.65,1725.58,27,44,4,1
Cotton,Fiber,Quintal,West Bengal,Hooghly,Arambagh,2020-07-02,2020,7,Kharif,903.1,6095.15,6490.64,6293.09,2,27,3,3
Mustard,Oilseed,Quintal,West Bengal,Nadia,Krishnanagar,2020-10-15,2020,10,Rabi,637.55,5974.49,6428.7,6201.56,15,42,4,3
Mustard,Oilseed,Quintal,West Bengal,Purba Medinipur,Panskura,2024-09-15,2024,9,Kharif,131.27,5641.04,6413.37,6027.17,15,37,3,6
Rice,Grain,Quintal,West Bengal,Nadia,Krishnanagar,2022-05-20,2022,5,Zaid,315.7,2515.04,2652.92,2583.98,20,20,2,4
Mustard,Oilseed,Quintal,West Bengal,Nadia,Krishnanagar,2024-10-10,2024,10,Rabi,157.02,5502.61,6335.8,5919.69,10,41,4,3
Mustard Oil,Oil,Litre,West Bengal,Nadia,Krishnanagar,2022-02-27,2022,2,Rabi,237.2,110.35,118.84,114.12,27,8,1,6
Rice,Grain,Quintal,West Bengal,Hooghly,Arambagh,2021-04-08,2021,4,Zaid,340.7,1757.46,1899.74,1828.15,8,14,2,3
Wheat,Grain,Quintal,West Bengal,Purba Medinipur,Panskura,2020-05-05,2020,5,Zaid,811.67,2367.28,2591.21,2479.14,5,19,2,1
Cotton,Fiber,Quintal,West Bengal,Purba Medinipur,Panskura,2020-09-12,2020,9,Kharif,775.58,7435.04,8361.27,7898.63,12,37,3,5
Milk,Dairy,Litre,West Bengal,Purba Medinipur,Panskura,2022-11-04,2022,11,Rabi,566.53,57.96,60.99,59.15,4,44,4,4
Mustard Oil,Oil,Litre,West Bengal,Hooghly,Arambagh,2022-09-13,2022,9,Kharif,323.35,198.05,228.85,213.6,13,37,3,1
Tomato,Vegetable,Kg,West Bengal,Hooghly,Arambagh,2020-02-05,2020,2,Rabi,256.16,22.51,25.17,24.15,5,6,1,2
Mustard Oil,Oil,Litre,West Bengal,Purba Medinipur,Panskura,2024-11-23,2024,11,Rabi,141.29,147.7,164.59,155.81,23,47,4,5
Mustard,Oilseed,Quintal,West Bengal,Hooghly,Arambagh,2025-05-24,2025,5,Zaid,307.5,4535.79,4989.14,4761.98,24,21,2,5
Potato,Vegetable,Kg,West Bengal,Purba Medinipur,Panskura,2025-11-28,2025,11,Rabi,246.86,22.8,25.31,24.48,28,48,4,4
Maize,Grain,Quintal,West Bengal,Nadia,Krishnanagar,2024-06-04,2024,6,Kharif,44.95,2606.13,2765.81,2686.18,4,23,2,1
Cabbage,Vegetable,Kg,West Bengal,Nadia,Krishnanagar,2021-10-13,2021,10,Rabi,778.95,13.77,15.47,14.55,13,41,4,2
Brinjal,Vegetable,Kg,West Bengal,Nadia,Krishnanagar,2025-12-13,2025,12,Rabi,193.95,30.56,33.94,31.85,13,50,4,5
Cotton,Fiber,Quintal,West Bengal,Hooghly,Arambagh,2020-06-01,2020,6,Kharif,536.37,7466.67,8063.47,7764.68,1,23,2,0
Banana,Fruit,Dozen,West Bengal,Nadia,Krishnanagar,2023-12-09,2023,12,Rabi,555.63,109.56,117.59,113.17,9,49,4,5
Banana,Fruit,Dozen,West Bengal,Purba Medinipur,Panskura,2022-06-27,2022,6,Kharif,490.72,70.26,73.77,71.77,27,26,2,0
Tomato,Vegetable,Kg,West Bengal,Purba Medinipur,Panskura,2020-12-15,2020,12,Rabi,581.57,37.5,41.63,39.3,15,51,4,1
Cotton,Fiber,Quintal,West Bengal,Purba Medinipur,Panskura,2020-04-08,2020,4,Zaid,75.35,8757.44,9505.41,9131.26,8,15,2,2
Banana,Fruit,Dozen,West Bengal,Nadia,Krishnanagar,2021-04-05,2021,4,Zaid,83.67,79.07,85.81,82.25,5,14,2,0
Potato,Vegetable,Kg,West Bengal,Hooghly,Arambagh,2022-02-22,2022,2,Rabi,139.59,37.84,41.19,39.64,22,8,1,1
Banana,Fruit,Dozen,West Bengal,Purba Medinipur,Panskura,2024-05-25,2024,5,Zaid,139.63,111.56,118.57,115.32,25,21,2,5
Mustard,Oilseed,Quintal,West Bengal,Nadia,Krishnanagar,2021-04-01,2021,4,Zaid,80.42,4477.66,4604.45,4540.71,1,13,2,3
Banana,Fruit,Dozen,West Bengal,Purba Medinipur,Panskura,2025-06-20,2025,6,Kharif,935.67,58.72,64.28,61.44,20,25,2,4
Tomato,Vegetable,Kg,West Bengal,Hooghly,Arambagh,2020-02-21,2020,2,Rabi,545.13,22.44,24.4,23.51,21,8,1,4
Mustard Oil,Oil,Litre,West Bengal,Purba Medinipur,Panskura,2022-07-12,2022,7,Kharif,218.28,199.83,222.96,211.84,12,28,3,1
Milk,Dairy,Litre,West Bengal,Purba Medinipur,Panskura,2024-06-22,2024,6,Kharif,438.19,59.11,65.9,62.04,22,25,2,5
Banana,Fruit,Dozen,West Bengal,Hooghly,Arambagh,2022-07-22,2022,7,Kharif,63.96,28.47,32.97,30.7,22,29,3,4
Milk,Dairy,Litre,West Bengal,Nadia,Krishnanagar,2024-06-26,2024,6,Kharif,526.04,44.82,50.61,47.45,26,26,2,2
Rice,Grain,Quintal,West Bengal,Purba Medinipur,Panskura,2025-11-20,2025,11,Rabi,484.66,1951.69,2047.89,1999.74,20,47,4,3
Banana,Fruit,Dozen,West Bengal,Purba Medinipur,Panskura,2022-12-05,2022,12,Rabi,925.07,106.81,114.96,110.72,5,49,4,0
Mustard,Oilseed,Quintal,West Bengal,Purba Medinipur,Panskura,2024-01-27,2024,1,Rabi,339.02,4802.39,4968.6,4885.81,27,4,1,5
Mustard,Oilseed,Quintal,West Bengal,Hooghly,Arambagh,2021-12-14,2021,12,Rabi,526.88,4722.43,5221.05,4971.53,14,50,4,1
Mustard,Oilseed,Quintal,West Bengal,Hooghly,Arambagh,2022-10-06,2022,10,Rabi,684.3,6645.29,7203.18,6924.15,6,40,4,3
Cabbage,Vegetable,Kg,West Bengal,Hooghly,Arambagh,2025-04-19,2025,4,Zaid,659.31,21.86,24.52,23.53,19,16,2,5
Mustard,Oilseed,Quintal,West Bengal,Nadia,Krishnanagar,2023-04-25,2023,4,Zaid,752.7,6336.4,6708.12,6522.16,25,17,2,1
Mustard Oil,Oil,Litre,West Bengal,Purba Medinipur,Panskura,2024-07-03,2024,7,Kharif,64.21,145.78,160.15,153.22,3,27,3,2
Tomato,Vegetable,Kg,West Bengal,Hooghly,Arambagh,2020-11-06,2020,11,Rabi,640.52,51.66,54.52,52.98,6,45,4,4
Milk,Dairy,Litre,West Bengal,Hooghly,Arambagh,2020-12-08,2020,12,Rabi,522.01,64.75,68.16,66.71,8,50,4,1
Wheat,Grain,Quintal,West Bengal,Nadia,Krishnanagar,2024-06-27,2024,6,Kharif,256.47,1838.26,1899.07,1868.85,27,26,2,3
Cotton,Fiber,Quintal,West Bengal,Nadia,Krishnanagar,2020-10-20,2020,10,Rabi,764.98,8273.27,9447.31,8860.12,20,43,4,1
Rice,Grain,Quintal,West Bengal,Hooghly,Arambagh,2023-01-10,2023,1,Rabi,353.02,2301.57,2378.6,2340.5,10,2,1,1
Onion,Vegetable,Kg,West Bengal,Hooghly,Arambagh,2023-02-05,2023,2,Rabi,127.49,28.51,32.0,30.64,5,5,1,6
Maize,Grain,Quintal,West Bengal,Hooghly,Arambagh,2021-03-25,2021,3,Rabi,856.75,2093.54,2304.69,2199.32,25,12,1,3
Milk,Dairy,Litre,West Bengal,Purba Medinipur,Panskura,2024-03-20,2024,3,Rabi,274.2,38.13,42.36,40.42,20,12,1,2
Tomato,Vegetable,Kg,West Bengal,Nadia,Krishnanagar,2024-02-08,2024,2,Rabi,949.63,44.87,48.08,46.32,8,6,1,3
Potato,Vegetable,Kg,West Bengal,Nadia,Krishnanagar,2021-05-23,2021,5,Zaid,240.1,23.04,26.47,24.88,23,20,2,6
Tomato,Vegetable,Kg,West Bengal,Nadia,Krishnanagar,2020-02-05,2020,2,Rabi,688.82,24.17,26.69,25.64,5,6,1,2
Mango,Fruit,Kg,West Bengal,Nadia,Krishnanagar,2023-03-07,2023,3,Rabi,354.12,124.07,131.42,127.32,7,10,1,1
Banana,Fruit,Dozen,West Bengal,Hooghly,Arambagh,2021-05-18,2021,5,Zaid,287.2,115.95,127.04,121.97,18,20,2,1
Milk,Dairy,Litre,West Bengal,Purba Medinipur,Panskura,2020-01-29,2020,1,Rabi,685.2,54.76,60.47,57.91,29,5,1,2
Cabbage,Vegetable,Kg,West Bengal,Hooghly,Arambagh,2025-09-05,2025,9,Kharif,612.71,23.51,26.7,24.89,5,36,3,4
Tomato,Vegetable,Kg,West Bengal,Nadia,Krishnanagar,2020-01-20,2020,1,Rabi,181.59,49.95,55.74,52.53,20,4,1,0
Cabbage,Vegetable,Kg,West Bengal,Purba Medinipur,Panskura,2025-12-13,2025,12,Rabi,739.59,16.5,18.59,17.47,13,50,4,5
Banana,Fruit,Dozen,West Bengal,Hooghly,Arambagh,2024-01-08,2024,1,Rabi,445.47,111.48,123.63,117.44,8,2,1,0
Maize,Grain,Quintal,West Bengal,Purba Medinipur,Panskura,2021-11-12,2021,11,Rabi,852.1,1423.26,1628.55,1526.4,12,45,4,4
Maize,Grain,Quintal,West Bengal,Nadia,Krishnanagar,2021-06-02,2021,6,Kharif,471.48,1857.25,1917.74,1887.34,2,22,2,2
Mustard Oil,Oil,Litre,West Bengal,Hooghly,Arambagh,2024-09-08,2024,9,Kharif,432.46,170.84,188.44,179.6,8,36,3,6
Mustard,Oilseed,Quintal,West Bengal,Nadia,Krishnanagar,2025-11-03,2025,11,Rabi,671.58,5561.43,6198.48,5880.16,3,45,4,0
Onion,Vegetable,Kg,West Bengal,Purba Medinipur,Panskura,2025-05-04,2025,5,Zaid,729.95,45.72,51.52,48.3,4,18,2,6
Milk,Dairy,Litre,West Bengal,Hooghly,Arambagh,2020-08-06,2020,8,Kharif,180.94,33.64,35.72,34.37,6,32,3,3
Cabbage,Vegetable,Kg,West Bengal,Purba Medinipur,Panskura,2022-07-23,2022,7,Kharif,701.56,30.71,33.29,31.73,23,29,3,5
Mustard Oil,Oil,Litre,West Bengal,Nadia,Krishnanagar,2023-06-01,2023,6,Kharif,210.73,144.11,158.31,151.15,1,22,2,3
Onion,Vegetable,Kg,West Bengal,Purba Medinipur,Panskura,2025-08-24,2025,8,Kharif,443.34,43.69,45.41,44.61,24,34,3,6
Banana,Fruit,Dozen,West Bengal,Purba Medinipur,Panskura,2025-08-14,2025,8,Kharif,581.33,72.62,77.79,75.18,14,33,3,3
Potato,Vegetable,Kg,West Bengal,Hooghly,Arambagh,2023-06-02,2023,6,Kharif,374.35,20.51,22.41,21.77,2,22,2,4
Mango,Fruit,Kg,West Bengal,Nadia,Krishnanagar,2025-04-10,2025,4,Zaid,33.77,42.3,48.25,45.15,10,15,2,3
Brinjal,Vegetable,Kg,West Bengal,Nadia,Krishnanagar,2024-10-11,2024,10,Rabi,818.6,21.72,23.43,22.95,11,41,4,4
Milk,Dairy,Litre,West Bengal,Hooghly,Arambagh,2024-07-16,2024,7,Kharif,536.7,63.42,69.46,66.87,16,29,3,1
Banana,Fruit,Dozen,West Bengal,Hooghly,Arambagh,2025-09-20,2025,9,Kharif,379.44,32.61,36.78,34.62,20,38,3,5
Maize,Grain,Quintal,West Bengal,Nadia,Krishnanagar,2022-01-02,2022,1,Rabi,822.92,2036.18,2323.73,2180.19,2,52,1,6
Maize,Grain,Quintal,West Bengal,Purba Medinipur,Panskura,2022-04-26,2022,4,Zaid,379.54,2586.1,2869.38,2728.21,26,17,2,1
Banana,Fruit,Dozen,West Bengal,Nadia,Krishnanagar,2023-02-04,2023,2,Rabi,110.72,80.33,87.31,83.33,4,5,1,5
Cotton,Fiber,Quintal,West Bengal,Purba Medinipur,Panskura,2023-06-24,2023,6,Kharif,804.2,5806.08,6253.28,6029.55,24,25,2,5
Wheat,Grain,Quintal,West Bengal,Purba Medinipur,Panskura,2024-05-10,2024,5,Zaid,855.06,2420.93,2783.75,2602.51,10,19,2,4
Wheat,Grain,Quintal,West Bengal,Nadia,Krishnanagar,2020-10-21,2020,10,Rabi,46.5,2591.55,2754.83,2672.9,21,43,4,2
Cabbage,Vegetable,Kg,West Bengal,Nadia,Krishnanagar,2021-04-26,2021,4,Zaid,72.41,29.32,33.5,31.89,26,17,2,0
Maize,Grain,Quintal,West Bengal,Hooghly,Arambagh,2023-02-11,2023,2,Rabi,20.39,2622.67,2868.78,2745.47,11,6,1,5
Mango,Fruit,Kg,West Bengal,Purba Medinipur,Panskura,2025-11-03,2025,11,Rabi,211.67,58.8,64.9,62.25,3,45,4,0
Mustard Oil,Oil,Litre,West Bengal,Purba Medinipur,Panskura,2023-10-18,2023,10,Rabi,210.0,149.97,166.25,157.98,18,42,4,2
Mustard Oil,Oil,Litre,West Bengal,Nadia,Krishnanagar,2020-06-14,2020,6,Kharif,754.73,134.64,148.13,141.2,14,24,2,6
Banana,Fruit,Dozen,West Bengal,Hooghly,Arambagh,2021-11-26,2021,11,Rabi,145.01,48.46,52.71,50.69,26,47,4,4
Brinjal,Vegetable,Kg,West Bengal,Purba Medinipur,Panskura,2023-10-11,2023,10,Rabi,573.53,22.37,25.35,24.06,11,41,4,2
Mustard Oil,Oil,Litre,West Bengal,Nadia,Krishnanagar,2023-05-13,2023,5,Zaid,325.55,169.59,179.58,174.44,13,19,2,5
Cabbage,Vegetable,Kg,West Bengal,Nadia,Krishnanagar,2025-10-25,2025,10,Rabi,539.86,10.61,11.86,10.85,25,43,4,5
Tomato,Vegetable,Kg,West Bengal,Hooghly,Arambagh,2021-06-14,2021,6,Kharif,445.3,66.62,72.45,69.33,14,24,2,0
Mustard Oil,Oil,Litre,West Bengal,Purba Medinipur,Panskura,2021-12-10,2021,12,Rabi,691.25,119.34,137.15,128.23,10,49,4,4
Milk,Dairy,Litre,West Bengal,Nadia,Krishnanagar,2021-11-29,2021,11,Rabi,797.58,42.53,46.25,44.25,29,48,4,0
Milk,Dairy,Litre,West Bengal,Purba Medinipur,Panskura,2025-11-23,2025,11,Rabi,458.04,55.07,59.11,57.39,23,47,4,6
Wheat,Grain,Quintal,West Bengal,Purba Medinipur,Panskura,2022-08-03,2022,8,Kharif,646.38,1801.77,1900.85,1851.22,3,31,3,2
Milk,Dairy,Litre,West Bengal,Purba Medinipur,Panskura,2021-06-29,2021,6,Kharif,880.87,30.35,34.26,32.78,29,26,2,1
Brinjal,Vegetable,Kg,West Bengal,Purba Medinipur,Panskura,2024-08-18,2024,8,Kharif,255.98,36.15,39.68,37.83,18,33,3,6
Brinjal,Vegetable,Kg,West Bengal,Purba Medinipur,Panskura,2024-09-30,2024,9,Kharif,262.71,34.3,37.22,36.22,30,40,3,0
Onion,Vegetable,Kg,West Bengal,Purba Medinipur,Panskura,2025-05-05,2025,5,Zaid,491.74,50.66,53.91,52.68,5,19,2,0
Brinjal,Vegetable,Kg,West Bengal,Hooghly,Arambagh,2021-11-14,2021,11,Rabi,866.83,23.33,26.39,24.94,14,45,4,6
Cotton,Fiber,Quintal,West Bengal,Hooghly,Arambagh,2020-08-09,2020,8,Kharif,790.39,5245.34,5483.88,5364.68,9,32,3,6
Milk,Dairy,Litre,West Bengal,Hooghly,Arambagh,2020-12-10,2020,12,Rabi,788.3,54.63,60.45,57.51,10,50,4,3
Cotton,Fiber,Quintal,West Bengal,Hooghly,Arambagh,2025-01-14,2025,1,Rabi,507.32,6660.46,7477.12,7068.71,14,3,1,1
Onion,Vegetable,Kg,West Bengal,Purba Medinipur,Panskura,2020-08-12,2020,8,Kharif,586.62,25.03,27.68,25.99,12,33,3,2
Tomato,Vegetable,Kg,West Bengal,Purba Medinipur,Panskura,2024-09-05,2024,9,Kharif,468.8,20.41,22.81,21.27,5,36,3,3
Milk,Dairy,Litre,West Bengal,Purba Medinipur,Panskura,2020-06-30,2020,6,Kharif,162.61,66.09,68.96,67.75,30,27,2,1
Cotton,Fiber,Quintal,West Bengal,Hooghly,Arambagh,2023-10-08,2023,10,Rabi,848.8,5808.86,6444.05,6126.94,8,40,4,6
Mango,Fruit,Kg,West Bengal,Purba Medinipur,Panskura,2023-10-18,2023,10,Rabi,479.02,55.55,61.4,58.29,18,42,4,2
Mustard,Oilseed,Quintal,West Bengal,Nadia,Krishnanagar,2025-02-21,2025,2,Rabi,879.21,6114.9,6731.84,6423.43,21,8,1,4
Brinjal,Vegetable,Kg,West Bengal,Nadia,Krishnanagar,2021-12-16,2021,12,Rabi,474.96,42.97,48.29,45.6,16,50,4,3
Mustard,Oilseed,Quintal,West Bengal,Nadia,Krishnanagar,2025-02-19,2025,2,Rabi,620.52,6777.71,7199.17,6987.98,19,8,1,2
Tomato,Vegetable,Kg,West Bengal,Hooghly,Arambagh,2023-07-09,2023,7,Kharif,933.14,49.97,57.96,53.77,9,27,3,6
Cabbage,Vegetable,Kg,West Bengal,Hooghly,Arambagh,2020-06-23,2020,6,Kharif,839.7,26.71,30.55,28.6,23,26,2,1
Mango,Fruit,Kg,West Bengal,Hooghly,Arambagh,2020-11-02,2020,11,Rabi,810.33,115.33,133.09,124.15,2,45,4,0
Mustard Oil,Oil,Litre,West Bengal,Hooghly,Arambagh,2025-01-24,2025,1,Rabi,370.94,172.22,186.74,179.59,24,4,1,4
Tomato,Vegetable,Kg,West Bengal,Purba Medinipur,Panskura,2024-02-21,2024,2,Rabi,585.95,22.54,24.72,23.7,21,8,1,2
Cotton,Fiber,Quintal,West Bengal,Purba Medinipur,Panskura,2020-02-21,2020,2,Rabi,318.9,8009.48,9153.65,8581.12,21,8,1,4
Onion,Vegetable,Kg,West Bengal,Nadia,Krishnanagar,2021-08-04,2021,8,Kharif,124.3,46.91,53.64,50.0,4,31,3,2
Milk,Dairy,Litre,West Bengal,Nadia,Krishnanagar,2022-08-14,2022,8,Kharif,940.78,65.46,74.02,69.64,14,32,3,6
Tomato,Vegetable,Kg,West Bengal,Nadia,Krishnanagar,2023-12-04,2023,12,Rabi,86.1,25.14,27.74,26.89,4,49,4,0
Brinjal,Vegetable,Kg,West Bengal,Nadia,Krishnanagar,2023-08-23,2023,8,Kharif,328.51,20.01,21.44,21.13,23,34,3,2
Tomato,Vegetable,Kg,West Bengal,Nadia,Krishnanagar,2020-01-20,2020,1,Rabi,435.34,25.39,28.29,26.79,20,4,1,0
Tomato,Vegetable,Kg,West Bengal,Purba Medinipur,Panskura,2023-06-22,2023,6,Kharif,144.16,62.95,68.96,65.62,22,25,2,3
Milk,Dairy,Litre,West Bengal,Nadia,Krishnanagar,2025-09-09,2025,9,Kharif,511.71,41.71,45.11,43.01,9,37,3,1
Wheat,Grain,Quintal,West Bengal,Nadia,Krishnanagar,2023-12-21,2023,12,Rabi,489.32,1777.57,1913.3,1845.38,21,51,4,3
Mustard Oil,Oil,Litre,West Bengal,Nadia,Krishnanagar,2020-10-01,2020,10,Rabi,170.5,145.45,153.42,149.82,1,40,4,3
Potato,Vegetable,Kg,West Bengal,Nadia,Krishnanagar,2020-08-18,2020,8,Kharif,139.63,29.33,33.58,31.38,18,34,3,1
Rice,Grain,Quintal,West Bengal,Purba Medinipur,Panskura,2021-06-21,2021,6,Kharif,270.72,1996.31,2184.94,2090.36,21,25,2,0
Mustard,Oilseed,Quintal,West Bengal,Purba Medinipur,Panskura,2025-02-03,2025,2,Rabi,572.12,6720.02,7371.19,7045.17,3,6,1,0
Milk,Dairy,Litre,West Bengal,Nadia,Krishnanagar,2021-12-16,2021,12,Rabi,76.69,39.54,44.18,41.92,16,50,4,3
Onion,Vegetable,Kg,West Bengal,Hooghly,Arambagh,2021-08-24,2021,8,Kharif,812.4,30.47,33.11,31.71,24,34,3,1
Milk,Dairy,Litre,West Bengal,Nadia,Krishnanagar,2024-06-23,2024,6,Kharif,761.28,63.34,72.17,68.24,23,25,2,6
Cabbage,Vegetable,Kg,West Bengal,Nadia,Krishnanagar,2024-09-07,2024,9,Kharif,628.08,7.91,9.04,8.65,7,36,3,5
Mustard Oil,Oil,Litre,West Bengal,Purba Medinipur,Panskura,2024-12-20,2024,12,Rabi,836.73,201.62,216.8,209.57,20,51,4,4
Maize,Grain,Quintal,West Bengal,Nadia,Krishnanagar,2023-03-22,2023,3,Rabi,189.14,2371.84,2573.97,2473.38,22,12,1,2
Cotton,Fiber,Quintal,West Bengal,Purba Medinipur,Panskura,2025-05-16,2025,5,Zaid,813.76,7383.85,7992.21,7688.51,16,20,2,4
Mango,Fruit,Kg,West Bengal,Hooghly,Arambagh,2022-06-20,2022,6,Kharif,47.69,68.0,72.21,70.4,20,25,2,0
Maize,Grain,Quintal,West Bengal,Purba Medinipur,Panskura,2024-02-15,2024,2,Rabi,187.12,2239.73,2395.38,2317.52,15,7,1,3
Maize,Grain,Quintal,West Bengal,Purba Medinipur,Panskura,2020-10-07,2020,10,Rabi,226.71,2294.85,2518.95,2406.98,7,41,4,2
Mustard Oil,Oil,Litre,West Bengal,Hooghly,Arambagh,2021-01-26,2021,1,Rabi,270.73,189.4,211.47,200.17,26,4,1,1
Milk,Dairy,Litre,West Bengal,Hooghly,Arambagh,2020-02-05,2020,2,Rabi,944.64,61.8,69.64,66.18,5,6,1,2
Brinjal,Vegetable,Kg,West Bengal,Hooghly,Arambagh,2023-11-25,2023,11,Rabi,288.8,35.68,40.54,37.78,25,47,4,5
Potato,Vegetable,Kg,West Bengal,Nadia,Krishnanagar,2021-11-26,2021,11,Rabi,37.74,36.0,40.1,38.21,26,47,4,4
Banana,Fruit,Dozen,West Bengal,Purba Medinipur,Panskura,2020-08-12,2020,8,Kharif,20.51,64.02,69.13,66.43,12,33,3,2
Mango,Fruit,Kg,West Bengal,Nadia,Krishnanagar,2024-05-11,2024,5,Zaid,51.55,97.15,102.01,99.3,11,19,2,5
Banana,Fruit,Dozen,West Bengal,Purba Medinipur,Panskura,2020-11-20,2020,11,Rabi,112.55,109.86,121.01,115.33,20,47,4,4
Tomato,Vegetable,Kg,West Bengal,Purba Medinipur,Panskura,2021-11-11,2021,11,Rabi,936.71,17.5,18.88,18.0,11,45,4,3
Tomato,Vegetable,Kg,West Bengal,Purba Medinipur,Panskura,2025-11-17,2025,11,Rabi,330.85,49.91,54.65,52.29,17,47,4,0
Onion,Vegetable,Kg,West Bengal,Nadia,Krishnanagar,2020-05-20,2020,5,Zaid,328.4,42.29,47.55,44.67,20,21,2,2
Onion,Vegetable,Kg,West Bengal,Purba Medinipur,Panskura,2025-09-04,2025,9,Kharif,324.86,44.82,48.45,47.01,4,36,3,3
Mustard,Oilseed,Quintal,West Bengal,Hooghly,Arambagh,2024-11-13,2024,11,Rabi,735.67,4978.53,5085.08,5031.79,13,46,4,2
Rice,Grain,Quintal,West Bengal,Hooghly,Arambagh,2022-03-03,2022,3,Rabi,317.5,2738.67,2838.84,2788.26,3,9,1,3
Wheat,Grain,Quintal,West Bengal,Purba Medinipur,Panskura,2025-07-29,2025,7,Kharif,264.42,2110.11,2334.99,2222.28,29,31,3,1
Mango,Fruit,Kg,West Bengal,Purba Medinipur,Panskura,2023-04-09,2023,4,Zaid,460.29,100.94,114.1,107.72,9,14,2,6
Banana,Fruit,Dozen,West Bengal,Purba Medinipur,Panskura,2022-01-10,2022,1,Rabi,579.53,65.13,72.17,68.68,10,2,1,0
Potato,Vegetable,Kg,West Bengal,Purba Medinipur,Panskura,2023-01-04,2023,1,Rabi,36.08,16.63,18.11,17.3,4,1,1,2
Cotton,Fiber,Quintal,West Bengal,Hooghly,Arambagh,2022-05-05,2022,5,Zaid,314.28,8333.35,8950.16,8641.53,5,18,2,3
Onion,Vegetable,Kg,West Bengal,Purba Medinipur,Panskura,2022-10-11,2022,10,Rabi,752.16,62.09,67.03,64.2,11,41,4,1
Onion,Vegetable,Kg,West Bengal,Purba Medinipur,Panskura,2023-05-19,2023,5,Zaid,237.38,33.88,38.71,35.81,19,20,2,4
Milk,Dairy,Litre,West Bengal,Nadia,Krishnanagar,2020-04-18,2020,4,Zaid,743.15,35.23,40.79,37.8,18,16,2,5
Cotton,Fiber,Quintal,West Bengal,Hooghly,Arambagh,2022-04-14,2022,4,Zaid,908.23,5112.76,5931.03,5521.78,14,15,2,3
Mango,Fruit,Kg,West Bengal,Purba Medinipur,Panskura,2024-07-28,2024,7,Kharif,126.45,79.52,83.38,81.77,28,30,3,6
Mustard Oil,Oil,Litre,West Bengal,Purba Medinipur,Panskura,2022-06-05,2022,6,Kharif,921.86,153.45,169.82,161.38,5,22,2,6
Brinjal,Vegetable,Kg,West Bengal,Purba Medinipur,Panskura,2022-10-16,2022,10,Rabi,473.66,41.0,44.85,43.15,16,41,4,6
Brinjal,Vegetable,Kg,West Bengal,Purba Medinipur,Panskura,2025-09-30,2025,9,Kharif,667.3,31.45,34.52,32.96,30,40,3,1
Cotton,Fiber,Quintal,West Bengal,Nadia,Krishnanagar,2025-12-13,2025,12,Rabi,550.99,6532.77,7091.75,6811.85,13,50,4,5
Wheat,Grain,Quintal,West Bengal,Hooghly,Arambagh,2020-04-18,2020,4,Zaid,55.6,1717.69,1755.64,1736.21,18,16,2,5
Mustard Oil,Oil,Litre,West Bengal,Purba Medinipur,Panskura,2024-04-18,2024,4,Zaid,217.0,222.09,237.85,229.52,18,16,2,3
Tomato,Vegetable,Kg,West Bengal,Nadia,Krishnanagar,2020-06-06,2020,6,Kharif,708.83,18.92,21.61,20.31,6,23,2,5
Mustard,Oilseed,Quintal,West Bengal,Hooghly,Arambagh,2023-08-28,2023,8,Kharif,947.58,6092.51,6379.87,6236.35,28,35,3,0
Maize,Grain,Quintal,West Bengal,Purba Medinipur,Panskura,2021-08-05,2021,8,Kharif,223.01,1572.54,1766.0,1669.72,5,31,3,3
Mustard Oil,Oil,Litre,West Bengal,Nadia,Krishnanagar,2023-09-06,2023,9,Kharif,913.75,181.73,197.34,190.0,6,36,3,2
Rice,Grain,Quintal,West Bengal,Hooghly,Arambagh,2025-03-04,2025,3,Rabi,849.68,1859.76,1972.01,1915.79,4,10,1,1
Tomato,Vegetable,Kg,West Bengal,Hooghly,Arambagh,2020-04-18,2020,4,Zaid,173.37,42.43,45.08,44.19,18,16,2,5
Mustard Oil,Oil,Litre,West Bengal,Nadia,Krishnanagar,2023-04-10,2023,4,Zaid,36.58,180.27,192.87,186.53,10,15,2,0
Banana,Fruit,Dozen,West Bengal,Purba Medinipur,Panskura,2024-10-26,2024,10,Rabi,856.01,69.04,74.22,71.38,26,43,4,5
Cotton,Fiber,Quintal,West Bengal,Hooghly,Arambagh,2022-04-07,2022,4,Zaid,631.93,5991.74,6568.27,6280.05,7,14,2,3
Mango,Fruit,Kg,West Bengal,Hooghly,Arambagh,2023-03-06,2023,3,Rabi,822.52,130.84,142.4,136.71,6,10,1,0
Cotton,Fiber,Quintal,West Bengal,Purba Medinipur,Panskura,2021-10-01,2021,10,Rabi,50.68,5737.8,6238.41,5988.23,1,39,4,4
Wheat,Grain,Quintal,West Bengal,Hooghly,Arambagh,2021-07-30,2021,7,Kharif,277.61,2308.62,2462.57,2385.82,30,30,3,4
Cotton,Fiber,Quintal,West Bengal,Nadia,Krishnanagar,2024-10-13,2024,10,Rabi,436.49,7503.35,8015.64,7759.61,13,41,4,6
Cabbage,Vegetable,Kg,West Bengal,Hooghly,Arambagh,2020-10-09,2020,10,Rabi,51.57,12.1,13.74,12.88,9,41,4,4
Milk,Dairy,Litre,West Bengal,Nadia,Krishnanagar,2025-08-05,2025,8,Kharif,771.61,59.88,66.62,63.28,5,32,3,1
Tomato,Vegetable,Kg,West Bengal,Hooghly,Arambagh,2021-07-15,2021,7,Kharif,834.31,52.89,56.86,54.61,15,28,3,3
Onion,Vegetable,Kg,West Bengal,Hooghly,Arambagh,2022-05-02,2022,5,Zaid,738.28,35.99,38.84,37.35,2,18,2,0
Mustard Oil,Oil,Litre,West Bengal,Hooghly,Arambagh,2024-06-21,2024,6,Kharif,887.28,216.7,236.79,226.67,21,25,2,4
Wheat,Grain,Quintal,West Bengal,Nadia,Krishnanagar,2020-11-27,2020,11,Rabi,585.27,1659.94,1807.52,1733.68,27,48,4,4
Banana,Fruit,Dozen,West Bengal,Nadia,Krishnanagar,2023-04-13,2023,4,Zaid,805.29,110.32,118.99,114.28,13,15,2,3
Maize,Grain,Quintal,West Bengal,Purba Medinipur,Panskura,2021-05-11,2021,5,Zaid,699.97,1663.24,1819.39,1741.16,11,19,2,1
Cabbage,Vegetable,Kg,West Bengal,Purba Medinipur,Panskura,2022-07-23,2022,7,Kharif,44.66,9.0,10.24,9.71,23,29,3,5
Cotton,Fiber,Quintal,West Bengal,Hooghly,Arambagh,2022-02-09,2022,2,Rabi,442.02,7097.04,7775.68,7436.81,9,6,1,2
Cabbage,Vegetable,Kg,West Bengal,Purba Medinipur,Panskura,2023-01-20,2023,1,Rabi,778.71,20.24,22.72,21.84,20,3,1,4
Mango,Fruit,Kg,West Bengal,Purba Medinipur,Panskura,2021-05-08,2021,5,Zaid,85.17,61.47,69.28,65.1,8,18,2,5
Rice,Grain,Quintal,West Bengal,Purba Medinipur,Panskura,2024-01-11,2024,1,Rabi,695.45,2596.27,2759.32,2677.3,11,2,1,3
Cotton,Fiber,Quintal,West Bengal,Hooghly,Arambagh,2024-12-09,2024,12,Rabi,397.0,6662.9,7203.84,6932.89,9,50,4,0
Wheat,Grain,Quintal,West Bengal,Hooghly,Arambagh,2025-10-25,2025,10,Rabi,595.65,2179.22,2335.41,2257.54,25,43,4,5
Milk,Dairy,Litre,West Bengal,Hooghly,Arambagh,2021-05-31,2021,5,Zaid,780.05,41.37,45.2,43.57,31,22,2,0
Rice,Grain,Quintal,West Bengal,Purba Medinipur,Panskura,2024-01-23,2024,1,Rabi,848.73,2866.2,3118.42,2992.58,23,4,1,1
Mango,Fruit,Kg,West Bengal,Hooghly,Arambagh,2020-06-08,2020,6,Kharif,504.92,125.28,138.04,131.29,8,24,2,0
Potato,Vegetable,Kg,West Bengal,Nadia,Krishnanagar,2022-04-28,2022,4,Zaid,823.86,29.58,32.23,31.08,28,17,2,3
Wheat,Grain,Quintal,West Bengal,Purba Medinipur,Panskura,2021-12-21,2021,12,Rabi,891.09,1837.88,1894.57,1866.14,21,51,4,1
Brinjal,Vegetable,Kg,West Bengal,Nadia,Krishnanagar,2025-01-02,2025,1,Rabi,934.93,33.66,36.21,35.32,2,1,1,3
Maize,Grain,Quintal,West Bengal,Nadia,Krishnanagar,2022-04-14,2022,4,Zaid,198.22,1888.52,2050.06,1969.32,14,15,2,3
Onion,Vegetable,Kg,West Bengal,Hooghly,Arambagh,2025-07-06,2025,7,Kharif,31.79,32.17,34.47,33.73,6,27,3,6
Tomato,Vegetable,Kg,West Bengal,Nadia,Krishnanagar,2025-05-24,2025,5,Zaid,452.46,18.31,20.31,19.01,24,21,2,5
Mustard Oil,Oil,Litre,West Bengal,Purba Medinipur,Panskura,2024-08-06,2024,8,Kharif,647.58,128.96,137.46,133.19,6,32,3,1
Milk,Dairy,Litre,West Bengal,Nadia,Krishnanagar,2020-05-25,2020,5,Zaid,741.29,50.04,53.77,51.57,25,22,2,0
Potato,Vegetable,Kg,West Bengal,Hooghly,Arambagh,2025-11-13,2025,11,Rabi,729.25,22.1,24.83,23.39,13,46,4,3
Onion,Vegetable,Kg,West Bengal,Hooghly,Arambagh,2023-03-12,2023,3,Rabi,71.38,55.57,58.99,57.3,12,10,1,6
Milk,Dairy,Litre,West Bengal,Hooghly,Arambagh,2023-01-09,2023,1,Rabi,419.61,42.65,45.05,44.14,9,2,1,0
Mustard,Oilseed,Quintal,West Bengal,Nadia,Krishnanagar,2025-11-20,2025,11,Rabi,342.48,6627.53,7603.3,7115.3,20,47,4,3
Onion,Vegetable,Kg,West Bengal,Purba Medinipur,Panskura,2025-07-09,2025,7,Kharif,608.64,19.53,21.8,20.58,9,28,3,2
Rice,Grain,Quintal,West Bengal,Nadia,Krishnanagar,2024-04-14,2024,4,Zaid,138.07,1821.14,1876.47,1848.41,14,15,2,6
Mustard Oil,Oil,Litre,West Bengal,Hooghly,Arambagh,2020-07-01,2020,7,Kharif,784.38,108.71,118.36,113.13,1,27,3,2
Cotton,Fiber,Quintal,West Bengal,Purba Medinipur,Panskura,2021-04-30,2021,4,Zaid,318.22,8045.21,9212.33,8629.07,30,17,2,4
Banana,Fruit,Dozen,West Bengal,Nadia,Krishnanagar,2021-04-07,2021,4,Zaid,383.69,46.34,50.39,48.35,7,14,2,2
Tomato,Vegetable,Kg,West Bengal,Purba Medinipur,Panskura,2023-05-12,2023,5,Zaid,916.34,29.66,32.14,31.0,12,19,2,4
Mustard Oil,Oil,Litre,West Bengal,Purba Medinipur,Panskura,2024-04-27,2024,4,Zaid,624.31,134.85,147.71,141.49,27,17,2,5
Potato,Vegetable,Kg,West Bengal,Purba Medinipur,Panskura,2024-02-07,2024,2,Rabi,833.65,33.68,36.89,35.03,7,6,1,2
Mustard Oil,Oil,Litre,West Bengal,Purba Medinipur,Panskura,2022-03-17,2022,3,Rabi,142.64,178.99,186.52,183.03,17,11,1,3
Banana,Fruit,Dozen,West Bengal,Nadia,Krishnanagar,2021-08-19,2021,8,Kharif,70.85,47.94,53.54,50.24,19,33,3,3
Brinjal,Vegetable,Kg,West Bengal,Hooghly,Arambagh,2022-01-19,2022,1,Rabi,854.96,20.32,21.46,20.45,19,3,1,2
Mustard Oil,Oil,Litre,West Bengal,Purba Medinipur,Panskura,2020-11-15,2020,11,Rabi,526.82,143.97,149.2,146.36,15,46,4,6
Rice,Grain,Quintal,West Bengal,Nadia,Krishnanagar,2024-08-14,2024,8,Kharif,729.11,1891.17,1986.63,1939.33,14,33,3,2
Mustard Oil,Oil,Litre,West Bengal,Purba Medinipur,Panskura,2021-08-18,2021,8,Kharif,761.95,163.49,180.57,172.02,18,33,3,2
Mustard,Oilseed,Quintal,West Bengal,Purba Medinipur,Panskura,2023-04-27,2023,4,Zaid,225.28,6355.68,6512.29,6434.42,27,17,2,3
Tomato,Vegetable,Kg,West Bengal,Hooghly,Arambagh,2023-05-04,2023,5,Zaid,655.48,10.31,11.58,10.75,4,18,2,3
Wheat,Grain,Quintal,West Bengal,Nadia,Krishnanagar,2023-06-26,2023,6,Kharif,164.5,1915.34,2031.25,1973.69,26,26,2,0
Brinjal,Vegetable,Kg,West Bengal,Hooghly,Arambagh,2021-03-31,2021,3,Rabi,580.3,18.23,19.66,19.18,31,13,1,2
Wheat,Grain,Quintal,West Bengal,Hooghly,Arambagh,2025-07-07,2025,7,Kharif,260.21,1880.01,2003.01,1941.16,7,28,3,0
Potato,Vegetable,Kg,West Bengal,Nadia,Krishnanagar,2021-06-14,2021,6,Kharif,524.3,27.01,30.41,28.62,14,24,2,0
Milk,Dairy,Litre,West Bengal,Nadia,Krishnanagar,2022-12-30,2022,12,Rabi,720.4,42.63,46.76,44.39,30,52,4,4
Tomato,Vegetable,Kg,West Bengal,Nadia,Krishnanagar,2021-09-02,2021,9,Kharif,399.53,21.11,24.25,22.63,2,35,3,3
Potato,Vegetable,Kg,West Bengal,Hooghly,Arambagh,2020-09-09,2020,9,Kharif,703.99,15.75,17.96,16.69,9,37,3,2
Milk,Dairy,Litre,West Bengal,Hooghly,Arambagh,2021-06-15,2021,6,Kharif,742.0,67.32,74.84,71.05,15,24,2,1
Cabbage,Vegetable,Kg,West Bengal,Nadia,Krishnanagar,2024-10-31,2024,10,Rabi,666.93,9.05,10.3,9.27,31,44,4,3
Wheat,Grain,Quintal,West Bengal,Hooghly,Arambagh,2023-05-25,2023,5,Zaid,821.24,2134.95,2392.96,2264.39,25,21,2,3
Cotton,Fiber,Quintal,West Bengal,Purba Medinipur,Panskura,2020-07-03,2020,7,Kharif,93.48,5391.35,5859.19,5625.21,3,27,3,4
Brinjal,Vegetable,Kg,West Bengal,Hooghly,Arambagh,2024-06-29,2024,6,Kharif,62.2,45.07,51.71,48.73,29,26,2,5
Cabbage,Vegetable,Kg,West Bengal,Nadia,Krishnanagar,2022-01-15,2022,1,Rabi,516.41,29.64,31.57,31.01,15,2,1,5
Mango,Fruit,Kg,West Bengal,Hooghly,Arambagh,2024-10-25,2024,10,Rabi,409.17,75.64,78.13,76.74,25,43,4,4
Onion,Vegetable,Kg,West Bengal,Purba Medinipur,Panskura,2025-09-03,2025,9,Kharif,286.48,34.44,37.56,36.3,3,36,3,2
Mango,Fruit,Kg,West Bengal,Nadia,Krishnanagar,2021-07-24,2021,7,Kharif,864.92,167.52,180.63,174.1,24,29,3,5
Mustard,Oilseed,Quintal,West Bengal,Nadia,Krishnanagar,2020-12-04,2020,12,Rabi,947.59,4166.78,4720.25,4443.58,4,49,4,4
Onion,Vegetable,Kg,West Bengal,Purba Medinipur,Panskura,2024-02-21,2024,2,Rabi,372.72,20.25,22.42,21.8,21,8,1,2
Tomato,Vegetable,Kg,West Bengal,Nadia,Krishnanagar,2023-02-13,2023,2,Rabi,537.73,23.81,27.05,25.89,13,7,1,0
Cabbage,Vegetable,Kg,West Bengal,Hooghly,Arambagh,2024-06-23,2024,6,Kharif,522.61,28.09,30.75,29.32,23,25,2,6
Mustard Oil,Oil,Litre,West Bengal,Nadia,Krishnanagar,2025-04-12,2025,4,Zaid,774.31,135.65,150.61,142.65,12,15,2,5
Mango,Fruit,Kg,West Bengal,Hooghly,Arambagh,2021-09-01,2021,9,Kharif,296.34,151.7,165.59,158.5,1,35,3,2
Onion,Vegetable,Kg,West Bengal,Purba Medinipur,Panskura,2024-03-29,2024,3,Rabi,116.8,31.92,34.44,33.65,29,13,1,4
Wheat,Grain,Quintal,West Bengal,Purba Medinipur,Panskura,2020-11-23,2020,11,Rabi,490.55,1711.32,1843.93,1777.82,23,48,4,0
Maize,Grain,Quintal,West Bengal,Purba Medinipur,Panskura,2024-01-24,2024,1,Rabi,131.46,1642.93,1880.69,1761.52,24,4,1,2
Mustard Oil,Oil,Litre,West Bengal,Nadia,Krishnanagar,2022-07-16,2022,7,Kharif,282.07,134.24,146.38,140.39,16,28,3,5
Maize,Grain,Quintal,West Bengal,Purba Medinipur,Panskura,2022-10-06,2022,10,Rabi,159.07,1734.4,1920.96,1827.94,6,40,4,3
Tomato,Vegetable,Kg,West Bengal,Purba Medinipur,Panskura,2023-10-17,2023,10,Rabi,497.29,40.06,44.11,42.28,17,42,4,1
Maize,Grain,Quintal,West Bengal,Nadia,Krishnanagar,2022-11-24,2022,11,Rabi,123.07,2297.78,2460.95,2379.62,24,47,4,3
Mustard Oil,Oil,Litre,West Bengal,Nadia,Krishnanagar,2024-12-15,2024,12,Rabi,759.2,157.08,170.88,163.8,15,50,4,6
Brinjal,Vegetable,Kg,West Bengal,Hooghly,Arambagh,2024-11-18,2024,11,Rabi,786.33,31.34,33.15,32.37,18,47,4,0
Mustard,Oilseed,Quintal,West Bengal,Nadia,Krishnanagar,2022-12-13,2022,12,Rabi,253.1,5767.4,6298.25,6032.53,13,50,4,1
Banana,Fruit,Dozen,West Bengal,Purba Medinipur,Panskura,2024-09-25,2024,9,Kharif,657.9,62.45,67.52,65.31,25,39,3,2
Mango,Fruit,Kg,West Bengal,Nadia,Krishnanagar,2025-06-11,2025,6,Kharif,235.82,71.99,74.07,73.06,11,24,2,2
Maize,Grain,Quintal,West Bengal,Hooghly,Arambagh,2025-11-18,2025,11,Rabi,446.96,2450.53,2770.4,2610.03,18,47,4,1
Potato,Vegetable,Kg,West Bengal,Hooghly,Arambagh,2023-07-15,2023,7,Kharif,129.93,32.23,36.7,34.94,15,28,3,5
Brinjal,Vegetable,Kg,West Bengal,Purba Medinipur,Panskura,2024-12-09,2024,12,Rabi,245.6,20.66,22.65,21.28,9,50,4,0
Rice,Grain,Quintal,West Bengal,Purba Medinipur,Panskura,2025-02-01,2025,2,Rabi,847.4,2463.43,2580.31,2521.87,1,5,1,5
Maize,Grain,Quintal,West Bengal,Purba Medinipur,Panskura,2022-09-13,2022,9,Kharif,604.2,1859.97,1960.76,1910.75,13,37,3,1
Onion,Vegetable,Kg,West Bengal,Nadia,Krishnanagar,2022-07-18,2022,7,Kharif,673.3,45.74,48.02,46.64,18,29,3,0
Potato,Vegetable,Kg,West Bengal,Nadia,Krishnanagar,2023-11-21,2023,11,Rabi,884.77,16.2,18.25,17.35,21,47,4,1
Mustard Oil,Oil,Litre,West Bengal,Nadia,Krishnanagar,2024-09-24,2024,9,Kharif,913.65,198.26,219.44,208.86,24,39,3,1
Milk,Dairy,Litre,West Bengal,Purba Medinipur,Panskura,2020-03-21,2020,3,Rabi,771.04,54.95,59.16,57.25,21,12,1,5
Onion,Vegetable,Kg,West Bengal,Purba Medinipur,Panskura,2022-03-17,2022,3,Rabi,81.3,14.36,15.85,14.98,17,11,1,3
Mustard,Oilseed,Quintal,West Bengal,Nadia,Krishnanagar,2024-08-20,2024,8,Kharif,48.95,4868.47,5297.78,5082.71,20,34,3,1
Milk,Dairy,Litre,West Bengal,Hooghly,Arambagh,2024-02-18,2024,2,Rabi,458.39,28.64,31.34,29.85,18,7,1,6
Brinjal,Vegetable,Kg,West Bengal,Nadia,Krishnanagar,2025-01-14,2025,1,Rabi,718.23,36.03,40.78,37.99,14,3,1,1
Maize,Grain,Quintal,West Bengal,Hooghly,Arambagh,2025-11-15,2025,11,Rabi,464.9,1600.11,1852.64,1726.84,15,46,4,5
Mustard Oil,Oil,Litre,West Bengal,Hooghly,Arambagh,2025-01-21,2025,1,Rabi,747.45,119.15,131.56,125.04,21,4,1,1
Mango,Fruit,Kg,West Bengal,Nadia,Krishnanagar,2024-04-22,2024,4,Zaid,595.27,104.29,116.22,109.8,22,17,2,0
Banana,Fruit,Dozen,West Bengal,Nadia,Krishnanagar,2021-06-21,2021,6,Kharif,368.97,89.77,94.35,92.03,21,25,2,0
Rice,Grain,Quintal,West Bengal,Nadia,Krishnanagar,2023-07-28,2023,7,Kharif,899.59,2857.65,3254.61,3056.62,28,30,3,4
Rice,Grain,Quintal,West Bengal,Purba Medinipur,Panskura,2024-04-18,2024,4,Zaid,618.1,2744.63,2966.3,2855.71,18,16,2,3
Potato,Vegetable,Kg,West Bengal,Nadia,Krishnanagar,2025-05-06,2025,5,Zaid,537.16,14.57,16.69,15.26,6,19,2,1
Maize,Grain,Quintal,West Bengal,Purba Medinipur,Panskura,2023-01-24,2023,1,Rabi,592.8,1839.41,1982.49,1910.49,24,4,1,1
Mustard Oil,Oil,Litre,West Bengal,Nadia,Krishnanagar,2021-12-13,2021,12,Rabi,705.36,206.77,226.32,216.25,13,50,4,0
Cotton,Fiber,Quintal,West Bengal,Hooghly,Arambagh,2021-03-24,2021,3,Rabi,821.57,6669.65,7232.05,6950.43,24,12,1,2
Maize,Grain,Quintal,West Bengal,Purba Medinipur,Panskura,2022-01-02,2022,1,Rabi,181.27,1750.74,1900.16,1825.04,2,52,1,6
Cabbage,Vegetable,Kg,West Bengal,Hooghly,Arambagh,2020-08-06,2020,8,Kharif,571.49,24.69,26.94,25.33,6,32,3,3
Tomato,Vegetable,Kg,West Bengal,Nadia,Krishnanagar,2024-10-11,2024,10,Rabi,873.65,48.61,51.45,49.64,11,41,4,4
Maize,Grain,Quintal,West Bengal,Hooghly,Arambagh,2020-03-21,2020,3,Rabi,572.27,1941.82,2093.62,2017.24,21,12,1,5
Brinjal,Vegetable,Kg,West Bengal,Hooghly,Arambagh,2023-04-15,2023,4,Zaid,574.74,38.61,42.03,40.2,15,15,2,5
Potato,Vegetable,Kg,West Bengal,Purba Medinipur,Panskura,2022-03-09,2022,3,Rabi,217.57,32.76,37.44,35.22,9,10,1,2
Mustard Oil,Oil,Litre,West Bengal,Nadia,Krishnanagar,2024-11-19,2024,11,Rabi,940.66,217.66,235.03,225.85,19,47,4,1
Onion,Vegetable,Kg,West Bengal,Purba Medinipur,Panskura,2025-09-30,2025,9,Kharif,439.72,31.1,32.93,31.77,30,40,3,1
Brinjal,Vegetable,Kg,West Bengal,Hooghly,Arambagh,2024-12-14,2024,12,Rabi,98.04,46.15,49.35,48.16,14,50,4,5
Tomato,Vegetable,Kg,West Bengal,Hooghly,Arambagh,2021-02-10,2021,2,Rabi,429.64,10.91,12.69,11.37,10,6,1,2
Tomato,Vegetable,Kg,West Bengal,Nadia,Krishnanagar,2025-01-26,2025,1,Rabi,261.89,49.78,55.1,52.42,26,4,1,6
Wheat,Grain,Quintal,West Bengal,Hooghly,Arambagh,2023-05-01,2023,5,Zaid,824.89,2731.42,3001.89,2866.7,1,18,2,0
Tomato,Vegetable,Kg,West Bengal,Nadia,Krishnanagar,2023-03-18,2023,3,Rabi,321.73,34.9,36.89,36.06,18,11,1,5
Cotton,Fiber,Quintal,West Bengal,Hooghly,Arambagh,2023-03-04,2023,3,Rabi,482.71,7740.26,8804.22,8272.21,4,9,1,5
Cotton,Fiber,Quintal,West Bengal,Hooghly,Arambagh,2023-07-01,2023,7,Kharif,580.04,7878.61,8567.15,8222.55,1,26,3,5
Mustard,Oilseed,Quintal,West Bengal,Purba Medinipur,Panskura,2022-03-29,2022,3,Rabi,139.41,5397.59,5934.42,5665.69,29,13,1,1
Cotton,Fiber,Quintal,West Bengal,Hooghly,Arambagh,2025-04-18,2025,4,Zaid,516.9,7602.79,8802.52,8202.84,18,16,2,4
Onion,Vegetable,Kg,West Bengal,Nadia,Krishnanagar,2024-12-30,2024,12,Rabi,470.41,25.31,26.94,26.4,30,1,4,0
Mango,Fruit,Kg,West Bengal,Purba Medinipur,Panskura,2021-12-17,2021,12,Rabi,635.55,111.01,125.34,117.97,17,50,4,4
Brinjal,Vegetable,Kg,West Bengal,Purba Medinipur,Panskura,2022-04-25,2022,4,Zaid,33.98,36.41,39.67,38.48,25,17,2,0
Cotton,Fiber,Quintal,West Bengal,Nadia,Krishnanagar,2020-04-13,2020,4,Zaid,153.08,5240.18,5978.18,5609.33,13,16,2,0
Banana,Fruit,Dozen,West Bengal,Hooghly,Arambagh,2022-07-11,2022,7,Kharif,237.38,104.3,118.96,111.5,11,28,3,0
Onion,Vegetable,Kg,West Bengal,Nadia,Krishnanagar,2023-12-09,2023,12,Rabi,269.53,34.87,40.21,37.34,9,49,4,5
Tomato,Vegetable,Kg,West Bengal,Purba Medinipur,Panskura,2020-01-13,2020,1,Rabi,138.67,32.56,34.86,33.82,13,3,1,0
Mustard Oil,Oil,Litre,West Bengal,Hooghly,Arambagh,2023-12-24,2023,12,Rabi,930.3,188.1,210.79,199.66,24,51,4,6
Mustard Oil,Oil,Litre,West Bengal,Hooghly,Arambagh,2022-04-04,2022,4,Zaid,628.61,173.71,195.21,184.73,4,14,2,0
Potato,Vegetable,Kg,West Bengal,Nadia,Krishnanagar,2020-07-09,2020,7,Kharif,77.89,13.16,15.12,14.41,9,28,3,3
Tomato,Vegetable,Kg,West Bengal,Purba Medinipur,Panskura,2023-11-09,2023,11,Rabi,27.82,44.54,51.57,48.3,9,45,4,3
Milk,Dairy,Litre,West Bengal,Hooghly,Arambagh,2021-01-28,2021,1,Rabi,486.06,47.1,52.37,49.43,28,4,1,3
Maize,Grain,Quintal,West Bengal,Hooghly,Arambagh,2022-08-19,2022,8,Kharif,269.01,2002.15,2225.43,2114.06,19,33,3,4
Potato,Vegetable,Kg,West Bengal,Hooghly,Arambagh,2020-03-14,2020,3,Rabi,335.25,30.87,32.41,31.34,14,11,1,5
Rice,Grain,Quintal,West Bengal,Hooghly,Arambagh,2024-10-27,2024,10,Rabi,568.19,2066.11,2285.23,2175.26,27,43,4,6
Cotton,Fiber,Quintal,West Bengal,Purba Medinipur,Panskura,2021-03-10,2021,3,Rabi,350.87,8697.59,9288.1,8992.48,10,10,1,2
Wheat,Grain,Quintal,West Bengal,Purba Medinipur,Panskura,2020-11-07,2020,11,Rabi,715.95,2224.98,2388.88,2306.54,7,45,4,5
Milk,Dairy,Litre,West Bengal,Hooghly,Arambagh,2022-03-19,2022,3,Rabi,460.61,51.48,55.09,53.62,19,11,1,5
Cabbage,Vegetable,Kg,West Bengal,Hooghly,Arambagh,2023-12-05,2023,12,Rabi,663.56,11.37,12.58,12.01,5,49,4,1
Mustard Oil,Oil,Litre,West Bengal,Purba Medinipur,Panskura,2022-07-27,2022,7,Kharif,74.02,167.28,184.01,175.3,27,30,3,2
Cotton,Fiber,Quintal,West Bengal,Nadia,Krishnanagar,2021-06-27,2021,6,Kharif,742.83,7361.76,8421.92,7891.82,27,25,2,6
Cotton,Fiber,Quintal,West Bengal,Hooghly,Arambagh,2022-04-18,2022,4,Zaid,942.47,5380.49,5829.5,5604.55,18,16,2,0
Tomato,Vegetable,Kg,West Bengal,Hooghly,Arambagh,2023-06-08,2023,6,Kharif,687.19,59.24,69.16,64.54,8,23,2,3
Onion,Vegetable,Kg,West Bengal,Nadia,Krishnanagar,2025-12-06,2025,12,Rabi,493.63,40.98,44.87,42.55,6,49,4,5
Mustard Oil,Oil,Litre,West Bengal,Hooghly,Arambagh,2021-06-05,2021,6,Kharif,485.09,188.7,218.17,203.67,5,22,2,5
Mustard Oil,Oil,Litre,West Bengal,Hooghly,Arambagh,2025-02-19,2025,2,Rabi,356.73,151.81,168.46,160.61,19,8,1,2
Potato,Vegetable,Kg,West Bengal,Hooghly,Arambagh,2020-07-24,2020,7,Kharif,689.88,34.15,36.57,34.94,24,30,3,4
Onion,Vegetable,Kg,West Bengal,Hooghly,Arambagh,2022-09-05,2022,9,Kharif,27.04,33.44,37.27,34.95,5,36,3,0
Cotton,Fiber,Quintal,West Bengal,Nadia,Krishnanagar,2022-09-23,2022,9,Kharif,939.61,8063.89,8891.97,8478.01,23,38,3,4
Tomato,Vegetable,Kg,West Bengal,Hooghly,Arambagh,2020-06-29,2020,6,Kharif,741.2,55.26,60.14,57.96,29,27,2,0
Cotton,Fiber,Quintal,West Bengal,Hooghly,Arambagh,2020-01-25,2020,1,Rabi,294.13,7172.9,7759.72,7466.32,25,4,1,5
Mango,Fruit,Kg,West Bengal,Purba Medinipur,Panskura,2025-12-15,2025,12,Rabi,800.98,50.73,57.52,53.71,15,51,4,0
Maize,Grain,Quintal,West Bengal,Nadia,Krishnanagar,2020-08-16,2020,8,Kharif,74.12,2089.97,2130.35,2110.28,16,33,3,6
Mustard Oil,Oil,Litre,West Bengal,Nadia,Krishnanagar,2025-02-26,2025,2,Rabi,323.63,213.42,227.77,220.62,26,9,1,2
Cotton,Fiber,Quintal,West Bengal,Nadia,Krishnanagar,2025-12-24,2025,12,Rabi,705.41,5847.6,6126.15,5986.7,24,52,4,2
Mango,Fruit,Kg,West Bengal,Hooghly,Arambagh,2025-12-02,2025,12,Rabi,439.61,132.25,141.49,137.17,2,49,4,1
Banana,Fruit,Dozen,West Bengal,Hooghly,Arambagh,2021-05-31,2021,5,Zaid,193.74,79.3,86.48,82.49,31,22,2,0
Mustard,Oilseed,Quintal,West Bengal,Nadia,Krishnanagar,2023-06-09,2023,6,Kharif,864.82,4650.12,5260.06,4955.36,9,23,2,4
Mustard Oil,Oil,Litre,West Bengal,Hooghly,Arambagh,2020-02-02,2020,2,Rabi,63.78,209.42,228.56,219.33,2,5,1,6
Brinjal,Vegetable,Kg,West Bengal,Nadia,Krishnanagar,2024-01-05,2024,1,Rabi,915.75,20.46,23.26,21.75,5,1,1,4
Cabbage,Vegetable,Kg,West Bengal,Purba Medinipur,Panskura,2021-06-24,2021,6,Kharif,465.91,9.93,11.1,10.84,24,25,2,3
Onion,Vegetable,Kg,West Bengal,Nadia,Krishnanagar,2025-12-01,2025,12,Rabi,949.05,47.16,51.17,48.98,1,49,4,0
Mango,Fruit,Kg,West Bengal,Nadia,Krishnanagar,2021-02-02,2021,2,Rabi,725.92,107.11,119.72,113.79,2,5,1,1
Cotton,Fiber,Quintal,West Bengal,Hooghly,Arambagh,2021-01-22,2021,1,Rabi,449.42,8477.2,9130.17,8803.65,22,3,1,4
Maize,Grain,Quintal,West Bengal,Purba Medinipur,Panskura,2024-10-02,2024,10,Rabi,86.02,2169.99,2424.43,2296.82,2,40,4,2
Milk,Dairy,Litre,West Bengal,Hooghly,Arambagh,2023-06-01,2023,6,Kharif,551.93,46.19,50.68,48.85,1,22,2,3
Tomato,Vegetable,Kg,West Bengal,Nadia,Krishnanagar,2023-03-08,2023,3,Rabi,289.64,26.42,28.9,27.23,8,10,1,2
Cabbage,Vegetable,Kg,West Bengal,Nadia,Krishnanagar,2020-04-11,2020,4,Zaid,939.74,33.04,37.67,35.66,11,15,2,5
Cotton,Fiber,Quintal,West Bengal,Hooghly,Arambagh,2020-10-22,2020,10,Rabi,914.72,6138.65,6280.55,6209.64,22,43,4,3
Wheat,Grain,Quintal,West Bengal,Hooghly,Arambagh,2025-09-09,2025,9,Kharif,764.65,2588.55,2641.54,2614.7,9,37,3,1
Mango,Fruit,Kg,West Bengal,Purba Medinipur,Panskura,2021-09-18,2021,9,Kharif,518.39,167.27,183.26,175.59,18,37,3,5
Mustard Oil,Oil,Litre,West Bengal,Hooghly,Arambagh,2025-01-20,2025,1,Rabi,48.38,127.36,135.55,130.98,20,4,1,0
Brinjal,Vegetable,Kg,West Bengal,Hooghly,Arambagh,2024-12-05,2024,12,Rabi,526.8,33.47,36.9,35.06,5,49,4,3
Brinjal,Vegetable,Kg,West Bengal,Purba Medinipur,Panskura,2023-11-03,2023,11,Rabi,176.34,36.57,40.69,38.49,3,44,4,4
Cabbage,Vegetable,Kg,West Bengal,Purba Medinipur,Panskura,2024-08-12,2024,8,Kharif,864.62,32.22,35.37,33.39,12,33,3,0
Brinjal,Vegetable,Kg,West Bengal,Purba Medinipur,Panskura,2022-01-24,2022,1,Rabi,407.42,48.12,49.73,48.53,24,4,1,0
Milk,Dairy,Litre,West Bengal,Purba Medinipur,Panskura,2021-05-08,2021,5,Zaid,122.24,43.25,47.46,45.41,8,18,2,5
Wheat,Grain,Quintal,West Bengal,Purba Medinipur,Panskura,2020-10-21,2020,10,Rabi,441.96,2474.57,2635.59,2554.94,21,43,4,2
Potato,Vegetable,Kg,West Bengal,Purba Medinipur,Panskura,2020-03-23,2020,3,Rabi,65.09,24.84,27.33,26.1,23,13,1,0
Mango,Fruit,Kg,West Bengal,Purba Medinipur,Panskura,2021-01-17,2021,1,Rabi,775.55,94.71,99.66,96.91,17,2,1,6
Potato,Vegetable,Kg,West Bengal,Nadia,Krishnanagar,2025-12-16,2025,12,Rabi,247.74,33.71,37.09,35.58,16,51,4,1
Banana,Fruit,Dozen,West Bengal,Hooghly,Arambagh,2020-06-26,2020,6,Kharif,672.12,63.52,68.87,66.22,26,26,2,4
Rice,Grain,Quintal,West Bengal,Hooghly,Arambagh,2021-11-14,2021,11,Rabi,674.33,2092.21,2226.81,2159.2,14,45,4,6
Wheat,Grain,Quintal,West Bengal,Purba Medinipur,Panskura,2024-12-20,2024,12,Rabi,442.45,1716.83,1886.17,1801.49,20,51,4,4
Milk,Dairy,Litre,West Bengal,Purba Medinipur,Panskura,2022-08-23,2022,8,Kharif,855.04,41.54,45.91,43.76,23,34,3,1
Tomato,Vegetable,Kg,West Bengal,Hooghly,Arambagh,2023-06-17,2023,6,Kharif,744.18,24.93,26.32,25.47,17,24,2,5
Milk,Dairy,Litre,West Bengal,Purba Medinipur,Panskura,2020-03-22,2020,3,Rabi,920.7,45.59,49.4,47.88,22,12,1,6
Cabbage,Vegetable,Kg,West Bengal,Nadia,Krishnanagar,2020-07-31,2020,7,Kharif,649.02,20.07,22.01,21.15,31,31,3,4
Banana,Fruit,Dozen,West Bengal,Purba Medinipur,Panskura,2021-02-01,2021,2,Rabi,390.08,87.45,98.33,92.39,1,5,1,0
Tomato,Vegetable,Kg,West Bengal,Hooghly,Arambagh,2024-11-05,2024,11,Rabi,130.16,34.84,37.49,36.47,5,45,4,1
Potato,Vegetable,Kg,West Bengal,Hooghly,Arambagh,2023-01-13,2023,1,Rabi,344.94,36.98,39.51,38.27,13,2,1,4
Tomato,Vegetable,Kg,West Bengal,Hooghly,Arambagh,2022-05-18,2022,5,Zaid,185.59,30.22,33.2,31.57,18,20,2,2
Mustard,Oilseed,Quintal,West Bengal,Nadia,Arambagh,2021-11-20,2021,11,Rabi,277.2,4770.78,5218.83,4994.97,20,46,4,5
Maize,Grain,Quintal,West Bengal,Nadia,Krishnanagar,2022-10-15,2022,10,Rabi,813.54,2517.7,2866.6,2691.93,15,41,4,5
Rice,Grain,Quintal,West Bengal,Hooghly,Arambagh,2023-05-28,2023,5,Zaid,850.65,2260.29,2367.8,2313.64,28,21,2,6
Mustard,Oilseed,Quintal,West Bengal,Hooghly,Arambagh,2025-11-20,2025,11,Rabi,652.07,6778.88,7422.1,7100.98,20,47,4,3
Potato,Vegetable,Kg,West Bengal,Purba Medinipur,Panskura,2023-08-08,2023,8,Kharif,193.63,15.3,16.56,15.76,8,32,3,1
Rice,Grain,Quintal,West Bengal,Purba Medinipur,Panskura,2023-08-06,2023,8,Kharif,623.23,2422.93,2592.74,2507.45,6,31,3,6
Tomato,Vegetable,Kg,West Bengal,Purba Medinipur,Panskura,2020-05-18,2020,5,Zaid,673.38,47.11,52.65,49.39,18,21,2,0
Banana,Fruit,Dozen,West Bengal,Nadia,Krishnanagar,2023-05-19,2023,5,Zaid,608.25,76.46,79.04,77.43,19,20,2,4
Brinjal,Vegetable,Kg,West Bengal,Nadia,Krishnanagar,2021-12-30,2021,12,Rabi,936.53,17.18,18.97,17.89,30,52,4,3
Potato,Vegetable,Kg,West Bengal,Purba Medinipur,Panskura,2025-05-13,2025,5,Zaid,307.26,9.82,11.31,10.29,13,20,2,1
Mustard Oil,Oil,Litre,West Bengal,Hooghly,Arambagh,2022-10-22,2022,10,Rabi,113.94,159.6,174.96,167.49,22,42,4,5
Wheat,Grain,Quintal,West Bengal,Hooghly,Arambagh,2024-12-03,2024,12,Rabi,154.18,2763.27,2982.95,2873.06,3,49,4,1
Mustard Oil,Oil,Litre,West Bengal,Hooghly,Arambagh,2024-03-06,2024,3,Rabi,831.08,186.11,194.73,190.72,6,10,1,2
Cotton,Fiber,Quintal,West Bengal,Hooghly,Arambagh,2020-03-01,2020,3,Rabi,902.87,7848.73,8505.96,8177.72,1,9,1,6
Cotton,Fiber,Quintal,West Bengal,Hooghly,Arambagh,2021-01-15,2021,1,Rabi,349.02,7681.86,7862.96,7772.73,15,2,1,4
Mango,Fruit,Kg,West Bengal,Purba Medinipur,Panskura,2024-10-12,2024,10,Rabi,850.37,135.57,145.82,140.34,12,41,4,5
Onion,Vegetable,Kg,West Bengal,Purba Medinipur,Panskura,2020-01-22,2020,1,Rabi,924.91,38.31,44.16,41.13,22,4,1,2
Wheat,Grain,Quintal,West Bengal,Hooghly,Arambagh,2023-06-18,2023,6,Kharif,879.95,2454.15,2740.87,2597.56,18,24,2,6
Maize,Grain,Quintal,West Bengal,Nadia,Krishnanagar,2025-05-05,2025,5,Zaid,184.86,2473.36,2648.28,2560.87,5,19,2,0
Onion,Vegetable,Kg,West Bengal,Purba Medinipur,Panskura,2023-02-07,2023,2,Rabi,603.49,19.51,21.24,19.98,7,6,1,1
Tomato,Vegetable,Kg,West Bengal,Purba Medinipur,Panskura,2021-10-29,2021,10,Rabi,315.36,40.95,45.25,42.69,29,43,4,4
Cotton,Fiber,Quintal,West Bengal,Hooghly,Arambagh,2020-01-04,2020,1,Rabi,130.19,6800.73,7469.97,7135.54,4,1,1,5
Tomato,Vegetable,Kg,West Bengal,Hooghly,Arambagh,2024-09-12,2024,9,Kharif,252.5,27.78,29.1,28.88,12,37,3,3
Mango,Fruit,Kg,West Bengal,Hooghly,Arambagh,2024-04-13,2024,4,Zaid,468.8,101.56,110.78,106.5,13,15,2,5
Milk,Dairy,Litre,West Bengal,Purba Medinipur,Panskura,2023-01-13,2023,1,Rabi,75.51,60.89,67.62,64.06,13,2,1,4
Mustard,Oilseed,Quintal,West Bengal,Nadia,Krishnanagar,2024-07-09,2024,7,Kharif,236.49,4542.09,5174.61,4858.17,9,28,3,1
Wheat,Grain,Quintal,West Bengal,Nadia,Krishnanagar,2021-04-18,2021,4,Zaid,315.99,2687.87,2884.81,2786.73,18,15,2,6
Maize,Grain,Quintal,West Bengal,Hooghly,Arambagh,2024-10-09,2024,10,Rabi,632.74,2368.52,2738.76,2553.24,9,41,4,2
Brinjal,Vegetable,Kg,West Bengal,Hooghly,Arambagh,2020-08-25,2020,8,Kharif,514.22,23.64,26.83,25.51,25,35,3,1
Wheat,Grain,Quintal,West Bengal,Hooghly,Arambagh,2025-04-08,2025,4,Zaid,673.1,1852.8,2054.59,1953.23,8,15,2,1
Tomato,Vegetable,Kg,West Bengal,Purba Medinipur,Panskura,2025-09-15,2025,9,Kharif,88.71,36.88,42.1,39.41,15,38,3,0
Brinjal,Vegetable,Kg,West Bengal,Purba Medinipur,Panskura,2023-03-02,2023,3,Rabi,746.15,39.21,42.62,40.61,2,9,1,3
Mustard Oil,Oil,Litre,West Bengal,Hooghly,Arambagh,2020-09-08,2020,9,Kharif,354.66,213.01,239.66,226.48,8,37,3,1
Mustard,Oilseed,Quintal,West Bengal,Nadia,Krishnanagar,2020-11-27,2020,11,Rabi,492.85,6519.85,7154.28,6836.9,27,48,4,4
Mustard Oil,Oil,Litre,West Bengal,Purba Medinipur,Panskura,2023-01-15,2023,1,Rabi,878.97,197.67,217.92,207.91,15,2,1,6
Potato,Vegetable,Kg,West Bengal,Purba Medinipur,Panskura,2024-03-12,2024,3,Rabi,780.89,31.1,33.61,32.55,12,11,1,1
Wheat,Grain,Quintal,West Bengal,Purba Medinipur,Panskura,2024-10-15,2024,10,Rabi,355.54,2384.07,2658.71,2521.52,15,42,4,1
Maize,Grain,Quintal,West Bengal,Purba Medinipur,Panskura,2022-07-03,2022,7,Kharif,462.86,2526.55,2733.91,2630.52,3,26,3,6
Tomato,Vegetable,Kg,West Bengal,Hooghly,Arambagh,2023-06-22,2023,6,Kharif,268.77,19.28,21.17,20.27,22,25,2,3
Mango,Fruit,Kg,West Bengal,Purba Medinipur,Panskura,2022-06-19,2022,6,Kharif,669.39,33.91,36.83,35.3,19,24,2,6
Maize,Grain,Quintal,West Bengal,Hooghly,Arambagh,2020-10-19,2020,10,Rabi,91.78,1995.54,2145.13,2070.3,19,43,4,0
Brinjal,Vegetable,Kg,West Bengal,Nadia,Krishnanagar,2022-06-20,2022,6,Kharif,461.88,16.07,17.41,17.16,20,25,2,0
Onion,Vegetable,Kg,West Bengal,Purba Medinipur,Panskura,2025-10-11,2025,10,Rabi,878.73,26.22,28.94,27.3,11,41,4,5
Cabbage,Vegetable,Kg,West Bengal,Purba Medinipur,Panskura,2020-10-04,2020,10,Rabi,410.07,23.34,25.2,24.75,4,40,4,6
Wheat,Grain,Quintal,West Bengal,Nadia,Krishnanagar,2023-08-29,2023,8,Kharif,608.91,2195.16,2441.41,2318.4,29,35,3,1
Onion,Vegetable,Kg,West Bengal,Nadia,Krishnanagar,2020-06-24,2020,6,Kharif,736.73,18.97,21.69,20.54,24,26,2,2
Mustard Oil,Oil,Litre,West Bengal,Purba Medinipur,Panskura,2021-04-10,2021,4,Zaid,234.16,209.22,236.07,223.1,10,14,2,5
Rice,Grain,Quintal,West Bengal,Nadia,Krishnanagar,2024-09-23,2024,9,Kharif,105.48,2995.22,3077.28,3036.41,23,39,3,0
Mango,Fruit,Kg,West Bengal,Nadia,Krishnanagar,2021-07-18,2021,7,Kharif,316.6,110.32,121.62,115.58,18,28,3,6
Mustard Oil,Oil,Litre,West Bengal,Nadia,Krishnanagar,2024-09-08,2024,9,Kharif,690.25,118.53,123.78,121.3,8,36,3,6
Brinjal,Vegetable,Kg,West Bengal,Hooghly,Arambagh,2022-01-04,2022,1,Rabi,931.96,28.11,30.77,29.08,4,1,1,1
Brinjal,Vegetable,Kg,West Bengal,Nadia,Krishnanagar,2023-08-26,2023,8,Kharif,494.86,15.5,17.55,16.06,26,34,3,5
Wheat,Grain,Quintal,West Bengal,Nadia,Krishnanagar,2022-01-14,2022,1,Rabi,344.61,2588.3,2867.29,2728.16,14,2,1,4
Wheat,Grain,Quintal,West Bengal,Purba Medinipur,Panskura,2024-07-24,2024,7,Kharif,249.29,1860.76,2042.48,1951.32,24,30,3,2
Cotton,Fiber,Quintal,West Bengal,Hooghly,Arambagh,2025-03-10,2025,3,Rabi,562.8,7732.21,8611.02,8171.68,10,11,1,0
Onion,Vegetable,Kg,West Bengal,Nadia,Krishnanagar,2021-05-22,2021,5,Zaid,177.79,54.25,60.55,56.93,22,20,2,5
Rice,Grain,Quintal,West Bengal,Hooghly,Arambagh,2025-08-18,2025,8,Kharif,724.1,3130.45,3408.31,3269.71,18,34,3,0
Tomato,Vegetable,Kg,West Bengal,Purba Medinipur,Panskura,2024-12-17,2024,12,Rabi,925.49,12.27,14.06,12.82,17,51,4,1
Mustard,Oilseed,Quintal,West Bengal,Nadia,Krishnanagar,2024-01-09,2024,1,Rabi,611.05,4109.75,4566.67,4337.76,9,2,1,1
Onion,Vegetable,Kg,West Bengal,Hooghly,Arambagh,2022-02-16,2022,2,Rabi,479.38,40.56,41.97,41.33,16,7,1,2
Milk,Dairy,Litre,West Bengal,Purba Medinipur,Panskura,2021-01-19,2021,1,Rabi,629.21,43.55,48.48,46.08,19,3,1,1
Rice,Grain,Quintal,West Bengal,Hooghly,Arambagh,2021-02-08,2021,2,Rabi,539.59,1871.14,2116.39,1993.74,8,6,1,0
Maize,Grain,Quintal,West Bengal,Nadia,Krishnanagar,2024-10-02,2024,10,Rabi,699.39,2250.72,2410.39,2330.22,2,40,4,2
Wheat,Grain,Quintal,West Bengal,Purba Medinipur,Panskura,2022-05-09,2022,5,Zaid,185.52,2256.92,2496.03,2376.19,9,19,2,0
Rice,Grain,Quintal,West Bengal,Nadia,Krishnanagar,2023-07-31,2023,7,Kharif,20.29,2938.21,3168.07,3052.84,31,31,3,0
Banana,Fruit,Dozen,West Bengal,Purba Medinipur,Panskura,2025-01-08,2025,1,Rabi,143.45,95.45,106.28,100.39,8,2,1,2
Tomato,Vegetable,Kg,West Bengal,Purba Medinipur,Panskura,2023-09-19,2023,9,Kharif,190.92,33.86,38.15,35.75,19,38,3,1
Rice,Grain,Quintal,West Bengal,Nadia,Krishnanagar,2025-06-07,2025,6,Kharif,438.95,2850.28,3010.52,2930.57,7,23,2,5
Rice,Grain,Quintal,West Bengal,Purba Medinipur,Panskura,2023-01-24,2023,1,Rabi,159.93,2750.79,2889.62,2820.27,24,4,1,1
Mustard Oil,Oil,Litre,West Bengal,Purba Medinipur,Panskura,2021-12-03,2021,12,Rabi,684.75,142.99,161.27,152.27,3,48,4,4
Tomato,Vegetable,Kg,West Bengal,Nadia,Krishnanagar,2024-07-12,2024,7,Kharif,439.72,20.93,23.64,22.21,12,28,3,4
Wheat,Grain,Quintal,West Bengal,Hooghly,Arambagh,2022-04-16,2022,4,Zaid,628.19,2715.53,2970.15,2842.67,16,15,2,5
Rice,Grain,Quintal,West Bengal,Purba Medinipur,Panskura,2021-05-02,2021,5,Zaid,652.8,2648.27,2851.39,2749.94,2,17,2,6
Mustard,Oilseed,Quintal,West Bengal,Nadia,Krishnanagar,2022-12-09,2022,12,Rabi,600.22,6774.04,7394.22,7084.39,9,49,4,4
Maize,Grain,Quintal,West Bengal,Purba Medinipur,Panskura,2022-10-04,2022,10,Rabi,100.58,2259.65,2620.13,2439.43,4,40,4,1
Mustard Oil,Oil,Litre,West Bengal,Hooghly,Arambagh,2020-10-06,2020,10,Rabi,271.54,142.21,154.45,148.03,6,41,4,1
Rice,Grain,Quintal,West Bengal,Purba Medinipur,Panskura,2020-10-14,2020,10,Rabi,897.53,2074.85,2257.7,2166.76,14,42,4,2
Potato,Vegetable,Kg,West Bengal,Nadia,Krishnanagar,2022-07-25,2022,7,Kharif,674.21,14.64,16.32,15.57,25,30,3,0
Banana,Fruit,Dozen,West Bengal,Nadia,Krishnanagar,2023-09-07,2023,9,Kharif,102.85,105.87,120.46,113.05,7,36,3,3
Onion,Vegetable,Kg,West Bengal,Purba Medinipur,Panskura,2024-01-22,2024,1,Rabi,936.4,34.54,38.26,36.06,22,4,1,0
Banana,Fruit,Dozen,West Bengal,Hooghly,Arambagh,2020-02-10,2020,2,Rabi,680.24,50.52,54.55,52.64,10,7,1,0
Rice,Grain,Quintal,West Bengal,Nadia,Krishnanagar,2025-01-13,2025,1,Rabi,628.2,2539.28,2871.36,2705.73,13,3,1,0
Wheat,Grain,Quintal,West Bengal,Nadia,Krishnanagar,2022-05-16,2022,5,Zaid,599.85,1861.82,2011.85,1936.61,16,20,2,0
Mustard,Oilseed,Quintal,West Bengal,Purba Medinipur,Panskura,2025-08-10,2025,8,Kharif,660.04,5057.8,5401.32,5229.23,10,32,3,6
Mango,Fruit,Kg,West Bengal,Hooghly,Arambagh,2023-08-15,2023,8,Kharif,53.78,152.93,166.81,159.53,15,33,3,1
Brinjal,Vegetable,Kg,West Bengal,Purba Medinipur,Panskura,2022-06-30,2022,6,Kharif,684.91,37.43,39.8,38.4,30,26,2,3
Cotton,Fiber,Quintal,West Bengal,Purba Medinipur,Panskura,2025-10-05,2025,10,Rabi,259.57,5795.11,6497.87,6146.19,5,40,4,6
Cabbage,Vegetable,Kg,West Bengal,Nadia,Krishnanagar,2023-09-24,2023,9,Kharif,416.07,27.72,30.89,28.91,24,38,3,6
Mustard Oil,Oil,Litre,West Bengal,Purba Medinipur,Panskura,2022-01-28,2022,1,Rabi,659.69,146.14,150.43,148.46,28,4,1,4
Onion,Vegetable,Kg,West Bengal,Hooghly,Arambagh,2021-06-27,2021,6,Kharif,300.25,48.89,53.79,51.45,27,25,2,6
Wheat,Grain,Quintal,West Bengal,Purba Medinipur,Panskura,2021-10-02,2021,10,Rabi,915.4,2604.38,2970.51,2787.56,2,39,4,5
Banana,Fruit,Dozen,West Bengal,Nadia,Krishnanagar,2020-04-09,2020,4,Zaid,150.98,89.51,97.92,94.09,9,15,2,3
Cabbage,Vegetable,Kg,West Bengal,Hooghly,Arambagh,2024-05-06,2024,5,Zaid,650.6,30.61,33.45,32.38,6,19,2,0
Rice,Grain,Quintal,West Bengal,Purba Medinipur,Panskura,2023-07-29,2023,7,Kharif,743.36,2680.82,2784.43,2732.7,29,30,3,5
Mango,Fruit,Kg,West Bengal,Nadia,Krishnanagar,2024-08-17,2024,8,Kharif,268.21,78.04,81.04,79.88,17,33,3,5
Tomato,Vegetable,Kg,West Bengal,Nadia,Krishnanagar,2020-05-06,2020,5,Zaid,29.11,33.08,35.76,34.37,6,19,2,2
Onion,Vegetable,Kg,West Bengal,Nadia,Krishnanagar,2025-06-03,2025,6,Kharif,607.5,42.87,47.89,45.2,3,23,2,1
Onion,Vegetable,Kg,West Bengal,Purba Medinipur,Panskura,2023-10-16,2023,10,Rabi,884.0,28.54,31.01,29.39,16,42,4,0
Mustard,Oilseed,Quintal,West Bengal,Purba Medinipur,Panskura,2024-07-31,2024,7,Kharif,788.28,4855.98,5283.07,5069.95,31,31,3,2
Mango,Fruit,Kg,West Bengal,Hooghly,Arambagh,2020-12-28,2020,12,Rabi,681.44,127.83,143.45,135.95,28,53,4,0
Brinjal,Vegetable,Kg,West Bengal,Hooghly,Arambagh,2022-04-29,2022,4,Zaid,818.27,16.63,18.6,17.81,29,17,2,4
Mustard,Oilseed,Quintal,West Bengal,Nadia,Krishnanagar,2024-01-14,2024,1,Rabi,564.08,6566.47,7003.88,6785.1,14,2,1,6
Potato,Vegetable,Kg,West Bengal,Nadia,Krishnanagar,2023-03-24,2023,3,Rabi,144.55,19.91,22.78,21.02,24,12,1,4
Onion,Vegetable,Kg,West Bengal,Nadia,Krishnanagar,2024-12-28,2024,12,Rabi,812.09,31.27,34.97,33.41,28,52,4,5
Mango,Fruit,Kg,West Bengal,Nadia,Krishnanagar,2024-03-21,2024,3,Rabi,273.73,148.13,166.94,157.08,21,12,1,3
Mustard,Oilseed,Quintal,West Bengal,Nadia,Krishnanagar,2020-01-17,2020,1,Rabi,758.32,5170.81,5967.46,5569.61,17,3,1,4
Banana,Fruit,Dozen,West Bengal,Hooghly,Arambagh,2021-01-11,2021,1,Rabi,508.17,80.28,85.32,82.57,11,2,1,0
Brinjal,Vegetable,Kg,West Bengal,Purba Medinipur,Panskura,2023-12-11,2023,12,Rabi,551.58,29.37,33.23,31.79,11,50,4,0
Maize,Grain,Quintal,West Bengal,Hooghly,Arambagh,2024-07-26,2024,7,Kharif,587.23,1977.54,2092.7,2035.24,26,30,3,4
Milk,Dairy,Litre,West Bengal,Nadia,Krishnanagar,2024-10-22,2024,10,Rabi,837.99,28.83,31.98,30.59,22,43,4,1
Mango,Fruit,Kg,West Bengal,Hooghly,Arambagh,2021-04-11,2021,4,Zaid,309.51,109.98,124.46,117.39,11,14,2,6
Tomato,Vegetable,Kg,West Bengal,Purba Medinipur,Panskura,2025-07-02,2025,7,Kharif,800.51,16.53,18.4,17.44,2,27,3,2
Maize,Grain,Quintal,West Bengal,Purba Medinipur,Panskura,2024-01-05,2024,1,Rabi,123.71,2588.22,2736.56,2662.06,5,1,1,4
Rice,Grain,Quintal,West Bengal,Hooghly,Arambagh,2024-09-24,2024,9,Kharif,487.46,2270.77,2513.67,2392.26,24,39,3,1
Mustard,Oilseed,Quintal,West Bengal,Hooghly,Arambagh,2025-06-24,2025,6,Kharif,442.59,5794.21,6250.74,6022.52,24,26,2,1
Mustard,Oilseed,Quintal,West Bengal,Hooghly,Arambagh,2022-08-31,2022,8,Kharif,472.03,6631.32,7255.2,6943.6,31,35,3,2
Potato,Vegetable,Kg,West Bengal,Purba Medinipur,Panskura,2021-07-15,2021,7,Kharif,680.65,16.58,18.17,17.69,15,28,3,3
Mango,Fruit,Kg,West Bengal,Hooghly,Arambagh,2023-05-04,2023,5,Zaid,559.13,80.54,83.96,82.69,4,18,2,3
Mustard,Oilseed,Quintal,West Bengal,Purba Medinipur,Panskura,2021-07-07,2021,7,Kharif,331.64,5858.0,5962.74,5910.72,7,27,3,2
Potato,Vegetable,Kg,West Bengal,Nadia,Krishnanagar,2024-09-14,2024,9,Kharif,620.25,35.57,39.03,37.26,14,37,3,5
Brinjal,Vegetable,Kg,West Bengal,Purba Medinipur,Panskura,2021-02-15,2021,2,Rabi,612.46,26.57,30.02,28.26,15,7,1,0
Cotton,Fiber,Quintal,West Bengal,Nadia,Krishnanagar,2023-07-10,2023,7,Kharif,410.14,5272.27,5657.83,5464.99,10,28,3,0
Milk,Dairy,Litre,West Bengal,Nadia,Krishnanagar,2023-09-15,2023,9,Kharif,637.51,41.78,46.96,44.71,15,37,3,4
Cabbage,Vegetable,Kg,West Bengal,Nadia,Krishnanagar,2022-11-28,2022,11,Rabi,32.44,12.92,14.38,13.99,28,48,4,0
Banana,Fruit,Dozen,West Bengal,Purba Medinipur,Panskura,2024-03-21,2024,3,Rabi,656.03,56.12,59.42,57.96,21,12,1,3
Brinjal,Vegetable,Kg,West Bengal,Purba Medinipur,Panskura,2020-11-19,2020,11,Rabi,62.28,27.25,30.45,28.89,19,47,4,3
Cotton,Fiber,Quintal,West Bengal,Purba Medinipur,Panskura,2022-11-30,2022,11,Rabi,753.32,8898.57,9559.89,9229.52,30,48,4,2
Mustard,Oilseed,Quintal,West Bengal,Hooghly,Arambagh,2024-02-29,2024,2,Rabi,132.48,6235.15,6674.2,6454.84,29,9,1,3
Tomato,Vegetable,Kg,West Bengal,Purba Medinipur,Panskura,2021-10-12,2021,10,Rabi,378.56,42.96,46.25,44.25,12,41,4,1
Rice,Grain,Quintal,West Bengal,Purba Medinipur,Panskura,2020-10-10,2020,10,Rabi,428.5,2749.96,2899.34,2824.64,10,41,4,5
Brinjal,Vegetable,Kg,West Bengal,Hooghly,Arambagh,2023-09-26,2023,9,Kharif,242.17,40.49,44.88,42.25,26,39,3,1
Potato,Vegetable,Kg,West Bengal,Purba Medinipur,Panskura,2020-08-10,2020,8,Kharif,477.69,25.97,27.96,26.92,10,33,3,0
Tomato,Vegetable,Kg,West Bengal,Purba Medinipur,Panskura,2020-09-08,2020,9,Kharif,75.1,35.08,39.04,36.64,8,37,3,1
Mustard Oil,Oil,Litre,West Bengal,Purba Medinipur,Panskura,2021-10-23,2021,10,Rabi,371.78,150.03,162.42,155.92,23,42,4,5
Milk,Dairy,Litre,West Bengal,Hooghly,Arambagh,2025-10-10,2025,10,Rabi,845.21,59.19,65.92,62.17,10,41,4,4
Tomato,Vegetable,Kg,West Bengal,Hooghly,Arambagh,2020-04-02,2020,4,Zaid,664.48,17.8,20.22,19.19,2,14,2,3
Brinjal,Vegetable,Kg,West Bengal,Hooghly,Arambagh,2022-01-09,2022,1,Rabi,84.71,26.46,27.84,26.92,9,1,1,6
Potato,Vegetable,Kg,West Bengal,Purba Medinipur,Panskura,2024-11-10,2024,11,Rabi,405.4,28.79,32.39,30.5,10,45,4,6
Mustard Oil,Oil,Litre,West Bengal,Nadia,Krishnanagar,2025-07-11,2025,7,Kharif,847.41,176.94,202.23,189.92,11,28,3,4
Onion,Vegetable,Kg,West Bengal,Hooghly,Arambagh,2023-08-29,2023,8,Kharif,876.24,42.9,49.23,45.72,29,35,3,1
Rice,Grain,Quintal,West Bengal,Purba Medinipur,Panskura,2020-12-15,2020,12,Rabi,589.82,2855.21,3007.97,2931.92,15,51,4,1
Brinjal,Vegetable,Kg,West Bengal,Purba Medinipur,Panskura,2023-05-13,2023,5,Zaid,694.17,39.36,45.19,41.96,13,19,2,5
Milk,Dairy,Litre,West Bengal,Hooghly,Arambagh,2024-10-28,2024,10,Rabi,831.54,34.61,38.54,36.88,28,44,4,0
Potato,Vegetable,Kg,West Bengal,Nadia,Krishnanagar,2020-07-06,2020,7,Kharif,844.29,35.77,38.41,36.82,6,28,3,0
Tomato,Vegetable,Kg,West Bengal,Hooghly,Arambagh,2024-10-31,2024,10,Rabi,612.02,26.36,28.95,27.41,31,44,4,3
Rice,Grain,Quintal,West Bengal,Purba Medinipur,Panskura,2023-09-25,2023,9,Kharif,357.48,2668.55,2831.98,2750.62,25,39,3,0
Rice,Grain,Quintal,West Bengal,Purba Medinipur,Panskura,2024-08-03,2024,8,Kharif,355.19,2041.64,2321.98,2181.99,3,31,3,5
Milk,Dairy,Litre,West Bengal,Purba Medinipur,Panskura,2025-03-05,2025,3,Rabi,252.59,31.36,34.47,33.32,5,10,1,2
Mustard,Oilseed,Quintal,West Bengal,Hooghly,Arambagh,2024-03-19,2024,3,Rabi,137.98,6272.59,6919.13,6595.8,19,12,1,1
Potato,Vegetable,Kg,West Bengal,Purba Medinipur,Panskura,2023-06-14,2023,6,Kharif,200.81,36.28,38.12,37.3,14,24,2,2
Banana,Fruit,Dozen,West Bengal,Hooghly,Arambagh,2022-11-24,2022,11,Rabi,514.24,28.03,30.3,29.23,24,47,4,3
Mustard Oil,Oil,Litre,West Bengal,Nadia,Krishnanagar,2020-05-18,2020,5,Zaid,138.62,185.55,192.55,189.06,18,21,2,0
Milk,Dairy,Litre,West Bengal,Purba Medinipur,Panskura,2023-04-28,2023,4,Zaid,201.92,34.36,39.33,36.45,28,17,2,4
Rice,Grain,Quintal,West Bengal,Nadia,Krishnanagar,2022-04-27,2022,4,Zaid,268.12,2211.93,2496.92,2354.88,27,17,2,2
Wheat,Grain,Quintal,West Bengal,Nadia,Krishnanagar,2020-09-02,2020,9,Kharif,687.5,1769.19,1905.17,1837.62,2,36,3,2
Mango,Fruit,Kg,West Bengal,Purba Medinipur,Panskura,2024-04-30,2024,4,Zaid,912.14,113.49,126.56,120.16,30,18,2,1
Banana,Fruit,Dozen,West Bengal,Nadia,Krishnanagar,2024-12-13,2024,12,Rabi,853.63,82.29,94.76,88.9,13,50,4,4
Brinjal,Vegetable,Kg,West Bengal,Hooghly,Arambagh,2025-07-07,2025,7,Kharif,763.08,40.93,44.84,43.13,7,28,3,0
Rice,Grain,Quintal,West Bengal,Nadia,Krishnanagar,2025-06-11,2025,6,Kharif,57.6,2665.91,2896.87,2781.73,11,24,2,2
Cabbage,Vegetable,Kg,West Bengal,Nadia,Krishnanagar,2021-01-17,2021,1,Rabi,490.98,22.52,24.36,23.87,17,2,1,6
Maize,Grain,Quintal,West Bengal,Hooghly,Arambagh,2025-09-08,2025,9,Kharif,808.14,1695.17,1867.52,1781.39,8,37,3,0
Maize,Grain,Quintal,West Bengal,Purba Medinipur,Panskura,2021-04-19,2021,4,Zaid,21.21,1804.84,2005.19,1905.3,19,16,2,0
Wheat,Grain,Quintal,West Bengal,Purba Medinipur,Panskura,2020-10-07,2020,10,Rabi,99.15,2549.49,2671.1,2610.35,7,41,4,2
Rice,Grain,Quintal,West Bengal,Purba Medinipur,Panskura,2022-03-17,2022,3,Rabi,145.64,1929.1,1994.06,1961.34,17,11,1,3
Brinjal,Vegetable,Kg,West Bengal,Purba Medinipur,Panskura,2020-05-15,2020,5,Zaid,128.31,24.43,26.84,25.17,15,20,2,4
Mustard,Oilseed,Quintal,West Bengal,Purba Medinipur,Panskura,2021-04-29,2021,4,Zaid,71.46,5024.48,5512.78,5268.26,29,17,2,3
Maize,Grain,Quintal,West Bengal,Hooghly,Arambagh,2021-11-27,2021,11,Rabi,357.68,2437.83,2578.47,2508.62,27,47,4,5
Mustard,Oilseed,Quintal,West Bengal,Purba Medinipur,Panskura,2025-11-13,2025,11,Rabi,329.17,6118.64,6266.1,6192.11,13,46,4,3
Banana,Fruit,Dozen,West Bengal,Purba Medinipur,Panskura,2023-10-30,2023,10,Rabi,316.55,31.03,33.77,32.73,30,44,4,0
Banana,Fruit,Dozen,West Bengal,Purba Medinipur,Panskura,2021-02-22,2021,2,Rabi,77.17,114.75,126.39,120.57,22,8,1,0
Tomato,Vegetable,Kg,West Bengal,Purba Medinipur,Panskura,2021-05-29,2021,5,Zaid,738.95,34.6,38.69,37.0,29,21,2,5
Wheat,Grain,Quintal,West Bengal,Nadia,Krishnanagar,2024-02-25,2024,2,Rabi,554.69,1725.51,1869.25,1797.04,25,8,1,6
Cabbage,Vegetable,Kg,West Bengal,Hooghly,Arambagh,2025-04-07,2025,4,Zaid,605.41,20.78,22.13,21.8,7,15,2,0
Wheat,Grain,Quintal,West Bengal,Nadia,Krishnanagar,2023-10-23,2023,10,Rabi,367.19,1839.4,1957.2,1898.51,23,43,4,0
Maize,Grain,Quintal,West Bengal,Purba Medinipur,Panskura,2025-05-19,2025,5,Zaid,831.07,1945.12,1952.74,1948.51,19,21,2,0
Wheat,Grain,Quintal,West Bengal,Purba Medinipur,Panskura,2023-02-22,2023,2,Rabi,40.81,1906.12,2113.09,2009.81,22,8,1,2
Mustard Oil,Oil,Litre,West Bengal,Nadia,Krishnanagar,2020-12-03,2020,12,Rabi,797.29,121.65,135.73,128.62,3,49,4,3
Mustard,Oilseed,Quintal,West Bengal,Purba Medinipur,Panskura,2023-09-27,2023,9,Kharif,780.53,4479.41,4989.68,4734.12,27,39,3,2
Wheat,Grain,Quintal,West Bengal,Nadia,Krishnanagar,2025-03-06,2025,3,Rabi,699.04,1721.98,1912.02,1817.18,6,10,1,3
Brinjal,Vegetable,Kg,West Bengal,Nadia,Krishnanagar,2024-03-28,2024,3,Rabi,526.41,16.21,17.92,17.03,28,13,1,3
Maize,Grain,Quintal,West Bengal,Nadia,Krishnanagar,2025-09-20,2025,9,Kharif,375.8,2434.76,2515.28,2474.63,20,38,3,5
Cotton,Fiber,Quintal,West Bengal,Hooghly,Arambagh,2020-02-06,2020,2,Rabi,698.36,8359.11,9219.5,8789.27,6,6,1,3
Onion,Vegetable,Kg,West Bengal,Purba Medinipur,Panskura,2020-10-04,2020,10,Rabi,66.33,53.87,60.73,57.34,4,40,4,6
Onion,Vegetable,Kg,West Bengal,Hooghly,Arambagh,2025-10-11,2025,10,Rabi,506.59,46.19,52.42,49.61,11,41,4,5
Wheat,Grain,Quintal,West Bengal,Hooghly,Arambagh,2021-10-06,2021,10,Rabi,767.65,2753.13,3129.63,2941.71,6,40,4,2
Potato,Vegetable,Kg,West Bengal,Purba Medinipur,Panskura,2021-06-22,2021,6,Kharif,43.01,14.47,16.44,15.4,22,25,2,1
Wheat,Grain,Quintal,West Bengal,Purba Medinipur,Panskura,2021-09-30,2021,9,Kharif,84.79,2263.23,2404.3,2334.19,30,39,3,3
Onion,Vegetable,Kg,West Bengal,Purba Medinipur,Panskura,2022-06-08,2022,6,Kharif,60.7,37.71,41.39,39.28,8,23,2,2
Milk,Dairy,Litre,West Bengal,Nadia,Krishnanagar,2022-05-16,2022,5,Zaid,817.77,49.88,53.22,51.95,16,20,2,0
Wheat,Grain,Quintal,West Bengal,Hooghly,Arambagh,2023-07-23,2023,7,Kharif,211.12,2499.59,2665.29,2582.4,23,29,3,6
Milk,Dairy,Litre,West Bengal,Hooghly,Arambagh,2024-01-06,2024,1,Rabi,889.65,34.19,36.77,35.91,6,1,1,5
Onion,Vegetable,Kg,West Bengal,Purba Medinipur,Panskura,2022-11-16,2022,11,Rabi,344.91,44.81,50.09,47.07,16,46,4,2
Milk,Dairy,Litre,West Bengal,Hooghly,Arambagh,2025-01-15,2025,1,Rabi,930.22,64.17,72.23,68.41,15,3,1,2
Tomato,Vegetable,Kg,West Bengal,Purba Medinipur,Panskura,2024-06-14,2024,6,Kharif,840.75,12.68,14.64,13.75,14,24,2,4
Cabbage,Vegetable,Kg,West Bengal,Purba Medinipur,Panskura,2023-12-31,2023,12,Rabi,221.83,31.5,35.71,33.77,31,52,4,6
Onion,Vegetable,Kg,West Bengal,Hooghly,Arambagh,2024-06-18,2024,6,Kharif,113.29,48.61,53.41,50.83,18,25,2,1
Rice,Grain,Quintal,West Bengal,Purba Medinipur,Panskura,2023-03-10,2023,3,Rabi,705.64,2247.19,2439.53,2343.73,10,10,1,4
Mango,Fruit,Kg,West Bengal,Purba Medinipur,Panskura,2024-07-25,2024,7,Kharif,561.03,111.75,122.81,117.28,25,30,3,3
Cabbage,Vegetable,Kg,West Bengal,Hooghly,Arambagh,2024-06-09,2024,6,Kharif,429.94,11.01,12.71,11.81,9,23,2,6
Maize,Grain,Quintal,West Bengal,Purba Medinipur,Panskura,2022-11-08,2022,11,Rabi,802.41,2251.56,2537.64,2394.84,8,45,4,1
Potato,Vegetable,Kg,West Bengal,Nadia,Krishnanagar,2024-10-19,2024,10,Rabi,264.97,30.95,33.97,32.53,19,42,4,5
Banana,Fruit,Dozen,West Bengal,Purba Medinipur,Panskura,2020-06-01,2020,6,Kharif,700.59,97.03,108.04,102.46,1,23,2,0
Tomato,Vegetable,Kg,West Bengal,Purba Medinipur,Panskura,2020-11-25,2020,11,Rabi,191.58,32.72,35.66,33.71,25,48,4,2
Cabbage,Vegetable,Kg,West Bengal,Purba Medinipur,Panskura,2024-11-11,2024,11,Rabi,301.12,10.71,12.1,11.88,11,46,4,0
Milk,Dairy,Litre,West Bengal,Hooghly,Arambagh,2024-03-17,2024,3,Rabi,942.58,32.57,37.16,35.36,17,11,1,6
Onion,Vegetable,Kg,West Bengal,Nadia,Krishnanagar,2024-08-21,2024,8,Kharif,280.07,41.44,44.79,43.5,21,34,3,2
Banana,Fruit,Dozen,West Bengal,Purba Medinipur,Panskura,2022-01-09,2022,1,Rabi,33.32,86.98,90.78,88.66,9,1,1,6
Tomato,Vegetable,Kg,West Bengal,Purba Medinipur,Panskura,2021-01-08,2021,1,Rabi,517.44,17.16,19.13,18.35,8,1,1,4
Onion,Vegetable,Kg,West Bengal,Nadia,Krishnanagar,2021-04-29,2021,4,Zaid,740.55,27.94,30.6,28.81,29,17,2,3
Wheat,Grain,Quintal,West Bengal,Hooghly,Arambagh,2021-06-06,2021,6,Kharif,895.68,2825.73,2919.69,2873.03,6,22,2,6
Rice,Grain,Quintal,West Bengal,Purba Medinipur,Panskura,2021-07-06,2021,7,Kharif,430.0,2679.16,2901.4,2790.01,6,27,3,1
Mustard,Oilseed,Quintal,West Bengal,Hooghly,Arambagh,2022-12-17,2022,12,Rabi,106.77,4944.84,5517.37,5231.49,17,50,4,5
Mustard Oil,Oil,Litre,West Bengal,Purba Medinipur,Panskura,2024-06-12,2024,6,Kharif,871.89,183.86,208.97,196.57,12,24,2,2
Cotton,Fiber,Quintal,West Bengal,Purba Medinipur,Panskura,2021-05-04,2021,5,Zaid,308.01,8889.37,9068.72,8979.47,4,18,2,1
Banana,Fruit,Dozen,West Bengal,Hooghly,Arambagh,2020-04-02,2020,4,Zaid,544.68,36.9,39.66,38.71,2,14,2,3
Maize,Grain,Quintal,West Bengal,Purba Medinipur,Panskura,2025-06-05,2025,6,Kharif,527.2,2594.27,2886.39,2739.93,5,23,2,3
Maize,Grain,Quintal,West Bengal,Nadia,Krishnanagar,2025-02-16,2025,2,Rabi,47.11,1613.67,1640.66,1626.72,16,7,1,6
Mustard,Oilseed,Quintal,West Bengal,Hooghly,Arambagh,2022-09-15,2022,9,Kharif,848.74,5384.47,5700.31,5542.2,15,37,3,3
Cotton,Fiber,Quintal,West Bengal,Hooghly,Arambagh,2025-02-07,2025,2,Rabi,315.65,5033.09,5292.2,5162.3,7,6,1,4
Tomato,Vegetable,Kg,West Bengal,Hooghly,Arambagh,2025-03-06,2025,3,Rabi,285.05,41.52,45.77,43.95,6,10,1,3
Milk,Dairy,Litre,West Bengal,Hooghly,Arambagh,2025-12-08,2025,12,Rabi,890.41,68.42,71.09,69.53,8,50,4,0
Cotton,Fiber,Quintal,West Bengal,Purba Medinipur,Panskura,2023-09-10,2023,9,Kharif,50.19,5108.01,5203.65,5155.93,10,36,3,6
Brinjal,Vegetable,Kg,West Bengal,Nadia,Krishnanagar,2024-04-22,2024,4,Zaid,308.16,43.04,48.9,45.59,22,17,2,0
Potato,Vegetable,Kg,West Bengal,Nadia,Krishnanagar,2021-06-06,2021,6,Kharif,194.2,24.69,26.57,25.63,6,22,2,6
Cotton,Fiber,Quintal,West Bengal,Purba Medinipur,Panskura,2024-04-18,2024,4,Zaid,372.48,8625.3,9231.38,8928.29,18,16,2,3
Cabbage,Vegetable,Kg,West Bengal,Hooghly,Arambagh,2021-09-09,2021,9,Kharif,672.03,31.98,34.71,33.62,9,36,3,3
Onion,Vegetable,Kg,West Bengal,Nadia,Krishnanagar,2020-04-16,2020,4,Zaid,528.92,54.02,58.34,56.46,16,16,2,3
Milk,Dairy,Litre,West Bengal,Hooghly,Arambagh,2025-10-26,2025,10,Rabi,676.07,30.78,34.37,32.57,26,43,4,6
Mango,Fruit,Kg,West Bengal,Nadia,Krishnanagar,2022-01-12,2022,1,Rabi,826.72,147.6,157.6,152.35,12,2,1,2
Mango,Fruit,Kg,West Bengal,Nadia,Krishnanagar,2020-09-20,2020,9,Kharif,515.08,79.34,84.09,81.86,20,38,3,6
Banana,Fruit,Dozen,West Bengal,Purba Medinipur,Panskura,2024-04-05,2024,4,Zaid,56.93,27.0,30.08,28.89,5,14,2,4
Mango,Fruit,Kg,West Bengal,Purba Medinipur,Panskura,2022-10-09,2022,10,Rabi,224.41,80.5,85.82,82.83,9,40,4,6
Mustard Oil,Oil,Litre,West Bengal,Nadia,Krishnanagar,2020-01-31,2020,1,Rabi,813.61,175.96,201.21,188.55,31,5,1,4
Onion,Vegetable,Kg,West Bengal,Nadia,Krishnanagar,2023-09-28,2023,9,Kharif,708.7,41.42,45.24,43.45,28,39,3,3
Cotton,Fiber,Quintal,West Bengal,Hooghly,Arambagh,2023-04-15,2023,4,Zaid,821.04,5628.79,6256.91,5943.2,15,15,2,5
Mustard Oil,Oil,Litre,West Bengal,Nadia,Krishnanagar,2023-03-18,2023,3,Rabi,638.86,109.33,115.96,112.34,18,11,1,5
Maize,Grain,Quintal,West Bengal,Nadia,Krishnanagar,2021-09-18,2021,9,Kharif,383.83,2231.26,2402.49,2317.29,18,37,3,5
Mango,Fruit,Kg,West Bengal,Purba Medinipur,Panskura,2022-11-12,2022,11,Rabi,143.95,92.39,97.27,94.73,12,45,4,5
Mustard,Oilseed,Quintal,West Bengal,Hooghly,Arambagh,2020-10-08,2020,10,Rabi,775.74,5755.03,6209.82,5981.96,8,41,4,3
Cotton,Fiber,Quintal,West Bengal,Nadia,Krishnanagar,2022-11-26,2022,11,Rabi,75.05,4830.93,5606.38,5218.54,26,47,4,5
Brinjal,Vegetable,Kg,West Bengal,Purba Medinipur,Panskura,2023-11-15,2023,11,Rabi,273.78,34.77,39.45,37.51,15,46,4,2
Tomato,Vegetable,Kg,West Bengal,Purba Medinipur,Panskura,2025-02-13,2025,2,Rabi,196.68,31.94,34.35,32.76,13,7,1,3
Wheat,Grain,Quintal,West Bengal,Purba Medinipur,Panskura,2024-03-09,2024,3,Rabi,224.77,2710.8,3111.7,2910.76,9,10,1,5
Mango,Fruit,Kg,West Bengal,Nadia,Krishnanagar,2024-12-12,2024,12,Rabi,886.96,140.77,149.38,144.69,12,50,4,3
Wheat,Grain,Quintal,West Bengal,Hooghly,Arambagh,2020-06-20,2020,6,Kharif,799.13,1652.51,1759.7,1706.58,20,25,2,5
Onion,Vegetable,Kg,West Bengal,Nadia,Krishnanagar,2021-03-20,2021,3,Rabi,818.39,27.05,30.14,28.64,20,11,1,5
Mustard Oil,Oil,Litre,West Bengal,Purba Medinipur,Panskura,2024-05-07,2024,5,Zaid,642.9,142.53,149.81,146.55,7,19,2,1
Cotton,Fiber,Quintal,West Bengal,Hooghly,Arambagh,2021-06-20,2021,6,Kharif,349.26,5569.4,6297.39,5933.61,20,24,2,6
Milk,Dairy,Litre,West Bengal,Nadia,Krishnanagar,2021-09-25,2021,9,Kharif,141.33,41.19,44.12,42.37,25,38,3,5
Milk,Dairy,Litre,West Bengal,Hooghly,Arambagh,2020-02-03,2020,2,Rabi,240.93,41.01,44.8,42.43,3,6,1,0
Banana,Fruit,Dozen,West Bengal,Nadia,Krishnanagar,2024-08-07,2024,8,Kharif,253.9,98.94,111.28,105.56,7,32,3,2
Cotton,Fiber,Quintal,West Bengal,Nadia,Krishnanagar,2020-04-03,2020,4,Zaid,865.46,5978.19,6296.42,6136.9,3,14,2,4
Maize,Grain,Quintal,West Bengal,Purba Medinipur,Panskura,2020-08-04,2020,8,Kharif,574.65,2500.83,2685.89,2593.5,4,32,3,1
Banana,Fruit,Dozen,West Bengal,Nadia,Krishnanagar,2020-08-27,2020,8,Kharif,186.27,82.46,88.69,85.28,27,35,3,3
Cabbage,Vegetable,Kg,West Bengal,Hooghly,Arambagh,2021-05-13,2021,5,Zaid,295.57,12.72,14.8,13.91,13,19,2,3
Banana,Fruit,Dozen,West Bengal,Hooghly,Arambagh,2023-01-01,2023,1,Rabi,890.54,74.93,87.18,81.04,1,52,1,6
Mango,Fruit,Kg,West Bengal,Hooghly,Arambagh,2021-06-07,2021,6,Kharif,495.17,114.43,128.02,121.02,7,23,2,0
Potato,Vegetable,Kg,West Bengal,Purba Medinipur,Panskura,2022-12-25,2022,12,Rabi,903.55,10.1,11.47,10.57,25,51,4,6
Wheat,Grain,Quintal,West Bengal,Nadia,Krishnanagar,2022-07-27,2022,7,Kharif,158.88,2242.47,2500.36,2371.78,27,30,3,2
Rice,Grain,Quintal,West Bengal,Hooghly,Arambagh,2023-01-17,2023,1,Rabi,942.02,2153.22,2291.84,2222.03,17,3,1,1
Mustard,Oilseed,Quintal,West Bengal,Nadia,Krishnanagar,2020-06-15,2020,6,Kharif,566.77,4344.2,4784.47,4564.5,15,25,2,0
Banana,Fruit,Dozen,West Bengal,Nadia,Krishnanagar,2021-07-07,2021,7,Kharif,642.21,114.18,117.46,116.26,7,27,3,2
Banana,Fruit,Dozen,West Bengal,Purba Medinipur,Panskura,2023-11-07,2023,11,Rabi,566.0,85.1,92.51,89.14,7,45,4,1
Milk,Dairy,Litre,West Bengal,Nadia,Krishnanagar,2021-11-21,2021,11,Rabi,324.63,39.26,44.27,41.58,21,46,4,6
Onion,Vegetable,Kg,West Bengal,Hooghly,Arambagh,2024-02-08,2024,2,Rabi,357.21,43.36,44.63,43.87,8,6,1,3
Brinjal,Vegetable,Kg,West Bengal,Hooghly,Arambagh,2024-03-08,2024,3,Rabi,947.08,27.07,29.12,27.8,8,10,1,4
Mustard Oil,Oil,Litre,West Bengal,Hooghly,Arambagh,2020-04-05,2020,4,Zaid,464.9,194.22,209.58,201.99,5,14,2,6
Mustard,Oilseed,Quintal,West Bengal,Hooghly,Arambagh,2025-10-15,2025,10,Rabi,573.34,6706.13,7381.52,7043.91,15,42,4,2
Potato,Vegetable,Kg,West Bengal,Hooghly,Arambagh,2022-06-21,2022,6,Kharif,320.55,15.06,17.06,15.96,21,25,2,1
Brinjal,Vegetable,Kg,West Bengal,Nadia,Krishnanagar,2025-05-22,2025,5,Zaid,644.79,40.99,45.79,42.92,22,21,2,3
Wheat,Grain,Quintal,West Bengal,Nadia,Krishnanagar,2022-03-04,2022,3,Rabi,156.13,1858.03,2043.86,1950.95,4,9,1,4
Potato,Vegetable,Kg,West Bengal,Hooghly,Arambagh,2025-06-20,2025,6,Kharif,514.03,32.51,35.36,33.58,20,25,2,4
Cabbage,Vegetable,Kg,West Bengal,Hooghly,Arambagh,2024-12-12,2024,12,Rabi,707.59,28.29,30.92,30.04,12,50,4,3
Onion,Vegetable,Kg,West Bengal,Nadia,Krishnanagar,2025-05-11,2025,5,Zaid,849.48,46.84,49.2,48.37,11,19,2,6
Onion,Vegetable,Kg,West Bengal,Hooghly,Arambagh,2020-02-01,2020,2,Rabi,239.6,11.75,13.08,12.75,1,5,1,5
Tomato,Vegetable,Kg,West Bengal,Hooghly,Arambagh,2025-02-04,2025,2,Rabi,623.76,21.39,23.4,22.07,4,6,1,1
Brinjal,Vegetable,Kg,West Bengal,Purba Medinipur,Panskura,2021-01-03,2021,1,Rabi,879.25,20.82,22.54,21.31,3,53,1,6
Mustard,Oilseed,Quintal,West Bengal,Hooghly,Arambagh,2025-04-13,2025,4,Zaid,797.83,4778.73,5195.96,4987.48,13,15,2,6
Cabbage,Vegetable,Kg,West Bengal,Hooghly,Arambagh,2020-05-28,2020,5,Zaid,326.53,21.29,23.57,22.11,28,22,2,3
Potato,Vegetable,Kg,West Bengal,Hooghly,Arambagh,2020-04-07,2020,4,Zaid,399.89,15.01,17.04,16.22,7,15,2,1
Milk,Dairy,Litre,West Bengal,Nadia,Krishnanagar,2022-07-05,2022,7,Kharif,310.62,51.8,55.46,53.61,5,27,3,1
Wheat,Grain,Quintal,West Bengal,Purba Medinipur,Panskura,2020-08-28,2020,8,Kharif,135.38,1768.9,1859.02,1814.04,28,35,3,4
Rice,Grain,Quintal,West Bengal,Nadia,Krishnanagar,2025-07-12,2025,7,Kharif,800.36,2507.97,2689.34,2598.4,12,28,3,5
Mustard,Oilseed,Quintal,West Bengal,Nadia,Krishnanagar,2025-05-28,2025,5,Zaid,831.18,4254.34,4637.84,4446.52,28,22,2,2
Brinjal,Vegetable,Kg,West Bengal,Hooghly,Arambagh,2020-05-25,2020,5,Zaid,230.23,21.85,23.94,23.15,25,22,2,0
Banana,Fruit,Dozen,West Bengal,Hooghly,Arambagh,2024-10-25,2024,10,Rabi,755.9,52.84,58.43,55.21,25,43,4,4
Brinjal,Vegetable,Kg,West Bengal,Hooghly,Arambagh,2025-03-02,2025,3,Rabi,675.96,34.67,36.43,35.73,2,9,1,6
Cabbage,Vegetable,Kg,West Bengal,Nadia,Krishnanagar,2024-01-28,2024,1,Rabi,437.7,28.92,31.39,30.51,28,4,1,6
Brinjal,Vegetable,Kg,West Bengal,Hooghly,Arambagh,2022-11-03,2022,11,Rabi,332.11,44.22,49.8,46.6,3,44,4,3
Mango,Fruit,Kg,West Bengal,Nadia,Krishnanagar,2020-06-05,2020,6,Kharif,447.56,78.97,87.96,83.32,5,23,2,4
Mango,Fruit,Kg,West Bengal,Purba Medinipur,Panskura,2021-11-23,2021,11,Rabi,20.78,60.92,66.82,63.89,23,47,4,1
Milk,Dairy,Litre,West Bengal,Hooghly,Arambagh,2024-05-09,2024,5,Zaid,609.74,44.98,50.14,48.02,9,19,2,3
Tomato,Vegetable,Kg,West Bengal,Nadia,Krishnanagar,2024-11-03,2024,11,Rabi,529.66,20.79,22.12,21.52,3,44,4,6
Cotton,Fiber,Quintal,West Bengal,Nadia,Krishnanagar,2024-06-03,2024,6,Kharif,225.35,6366.07,7113.02,6739.73,3,23,2,0
Mango,Fruit,Kg,West Bengal,Purba Medinipur,Panskura,2022-02-06,2022,2,Rabi,589.97,108.2,120.51,114.5,6,5,1,6
Wheat,Grain,Quintal,West Bengal,Hooghly,Arambagh,2023-11-19,2023,11,Rabi,519.56,2345.72,2669.29,2507.81,19,46,4,6
Rice,Grain,Quintal,West Bengal,Nadia,Krishnanagar,2021-07-19,2021,7,Kharif,727.32,1894.73,1966.25,1930.48,19,29,3,0
Cotton,Fiber,Quintal,West Bengal,Hooghly,Arambagh,2023-02-11,2023,2,Rabi,725.73,6811.24,7414.8,7113.23,11,6,1,5
Brinjal,Vegetable,Kg,West Bengal,Purba Medinipur,Panskura,2024-09-08,2024,9,Kharif,96.15,34.41,38.89,36.43,8,36,3,6
Banana,Fruit,Dozen,West Bengal,Nadia,Krishnanagar,2024-09-28,2024,9,Kharif,208.1,54.55,59.95,57.64,28,39,3,5
Rice,Grain,Quintal,West Bengal,Nadia,Krishnanagar,2022-11-20,2022,11,Rabi,432.67,2441.9,2511.74,2476.79,20,46,4,6
Tomato,Vegetable,Kg,West Bengal,Nadia,Krishnanagar,2021-06-12,2021,6,Kharif,292.02,23.41,25.4,24.17,12,23,2,5
Maize,Grain,Quintal,West Bengal,Hooghly,Arambagh,2024-07-10,2024,7,Kharif,804.91,1770.83,1886.63,1828.62,10,28,3,2
Cabbage,Vegetable,Kg,West Bengal,Hooghly,Arambagh,2024-01-06,2024,1,Rabi,417.05,24.95,28.45,26.94,6,1,1,5
Banana,Fruit,Dozen,West Bengal,Nadia,Krishnanagar,2023-05-20,2023,5,Zaid,878.3,53.01,57.75,54.97,20,20,2,5
Brinjal,Vegetable,Kg,West Bengal,Nadia,Krishnanagar,2024-11-10,2024,11,Rabi,474.19,27.61,31.71,29.72,10,45,4,6
Potato,Vegetable,Kg,West Bengal,Nadia,Krishnanagar,2020-04-16,2020,4,Zaid,65.41,26.94,30.92,28.71,16,16,2,3
Mustard Oil,Oil,Litre,West Bengal,Purba Medinipur,Panskura,2022-09-06,2022,9,Kharif,342.43,169.68,185.82,177.75,6,36,3,1
Brinjal,Vegetable,Kg,West Bengal,Hooghly,Arambagh,2023-05-17,2023,5,Zaid,563.62,25.2,26.93,25.83,17,20,2,2
Mustard Oil,Oil,Litre,West Bengal,Hooghly,Arambagh,2021-08-07,2021,8,Kharif,903.66,200.32,230.64,215.9,7,31,3,5
Potato,Vegetable,Kg,West Bengal,Hooghly,Arambagh,2025-03-13,2025,3,Rabi,757.26,34.03,39.4,36.25,13,11,1,3
Milk,Dairy,Litre,West Bengal,Nadia,Krishnanagar,2025-01-23,2025,1,Rabi,616.56,44.72,50.23,47.37,23,4,1,3
Potato,Vegetable,Kg,West Bengal,Nadia,Krishnanagar,2024-08-26,2024,8,Kharif,331.72,17.61,19.36,18.27,26,35,3,0
Cotton,Fiber,Quintal,West Bengal,Hooghly,Arambagh,2025-12-09,2025,12,Rabi,265.36,7394.04,8493.67,7944.31,9,50,4,1
Mustard,Oilseed,Quintal,West Bengal,Hooghly,Arambagh,2020-03-08,2020,3,Rabi,509.47,5499.03,5708.11,5603.28,8,10,1,6
Mustard Oil,Oil,Litre,West Bengal,Purba Medinipur,Panskura,2024-01-01,2024,1,Rabi,193.0,140.11,153.03,146.13,1,1,1,0
Brinjal,Vegetable,Kg,West Bengal,Purba Medinipur,Panskura,2024-11-09,2024,11,Rabi,252.53,15.34,17.76,16.32,9,45,4,5
Mango,Fruit,Kg,West Bengal,Purba Medinipur,Panskura,2021-07-16,2021,7,Kharif,542.56,81.52,89.14,85.77,16,28,3,4
Tomato,Vegetable,Kg,West Bengal,Hooghly,Arambagh,2023-09-28,2023,9,Kharif,797.38,11.62,13.12,12.73,28,39,3,3
Rice,Grain,Quintal,West Bengal,Nadia,Krishnanagar,2024-06-27,2024,6,Kharif,817.8,2134.12,2438.69,2285.95,27,26,2,3
Cotton,Fiber,Quintal,West Bengal,Purba Medinipur,Panskura,2022-06-16,2022,6,Kharif,711.98,4868.12,5293.18,5081.06,16,24,2,3
Banana,Fruit,Dozen,West Bengal,Purba Medinipur,Panskura,2020-04-25,2020,4,Zaid,388.27,88.2,93.91,91.11,25,17,2,5
Mustard Oil,Oil,Litre,West Bengal,Purba Medinipur,Panskura,2022-10-06,2022,10,Rabi,45.43,128.13,139.24,133.96,6,40,4,3
Mango,Fruit,Kg,West Bengal,Purba Medinipur,Panskura,2020-10-23,2020,10,Rabi,402.62,71.4,73.61,72.24,23,43,4,4
Wheat,Grain,Quintal,West Bengal,Purba Medinipur,Panskura,2022-08-29,2022,8,Kharif,224.53,1848.87,2036.44,1942.16,29,35,3,0
Milk,Dairy,Litre,West Bengal,Nadia,Krishnanagar,2020-10-02,2020,10,Rabi,921.3,33.72,37.0,35.03,2,40,4,4
Wheat,Grain,Quintal,West Bengal,Hooghly,Arambagh,2024-12-19,2024,12,Rabi,377.11,1754.13,1992.57,1873.1,19,51,4,3
Onion,Vegetable,Kg,West Bengal,Nadia,Krishnanagar,2023-05-21,2023,5,Zaid,238.17,49.51,54.6,51.86,21,20,2,6
Potato,Vegetable,Kg,West Bengal,Hooghly,Arambagh,2021-08-25,2021,8,Kharif,699.08,24.64,28.54,26.15,25,34,3,2
Mango,Fruit,Kg,West Bengal,Nadia,Krishnanagar,2022-07-30,2022,7,Kharif,899.75,172.47,180.77,176.27,30,30,3,5
Cabbage,Vegetable,Kg,West Bengal,Nadia,Krishnanagar,2020-04-04,2020,4,Zaid,188.81,18.75,20.07,19.33,4,14,2,5
Brinjal,Vegetable,Kg,West Bengal,Nadia,Krishnanagar,2022-04-20,2022,4,Zaid,788.46,21.99,24.53,23.29,20,16,2,2
Banana,Fruit,Dozen,West Bengal,Nadia,Krishnanagar,2022-10-14,2022,10,Rabi,809.75,105.75,115.72,110.95,14,41,4,4
Cotton,Fiber,Quintal,West Bengal,Hooghly,Arambagh,2020-08-31,2020,8,Kharif,807.81,5247.91,5474.0,5361.09,31,36,3,0
Mustard,Oilseed,Quintal,West Bengal,Hooghly,Arambagh,2023-02-12,2023,2,Rabi,643.6,4342.67,4620.88,4481.74,12,6,1,6
Mustard,Oilseed,Quintal,West Bengal,Purba Medinipur,Panskura,2023-08-22,2023,8,Kharif,501.22,5679.17,6025.01,5852.12,22,34,3,1
Wheat,Grain,Quintal,West Bengal,Hooghly,Arambagh,2024-07-31,2024,7,Kharif,766.13,1701.54,1761.46,1731.63,31,31,3,2
Milk,Dairy,Litre,West Bengal,Hooghly,Arambagh,2020-08-23,2020,8,Kharif,881.19,50.04,56.33,53.64,23,34,3,6
Milk,Dairy,Litre,West Bengal,Nadia,Krishnanagar,2022-04-19,2022,4,Zaid,644.04,43.08,45.49,44.06,19,16,2,1
Potato,Vegetable,Kg,West Bengal,Purba Medinipur,Panskura,2025-01-25,2025,1,Rabi,166.0,32.24,34.02,33.18,25,4,1,5
Mustard,Oilseed,Quintal,West Bengal,Hooghly,Arambagh,2021-05-28,2021,5,Zaid,682.15,6129.31,6547.79,6338.36,28,21,2,4
Cotton,Fiber,Quintal,West Bengal,Purba Medinipur,Panskura,2023-05-16,2023,5,Zaid,530.91,5294.68,5823.03,5558.79,16,20,2,1
Brinjal,Vegetable,Kg,West Bengal,Nadia,Krishnanagar,2023-05-27,2023,5,Zaid,414.86,38.94,44.02,41.55,27,21,2,5
Cabbage,Vegetable,Kg,West Bengal,Nadia,Krishnanagar,2024-09-15,2024,9,Kharif,713.84,17.89,19.78,19.25,15,37,3,6
Potato,Vegetable,Kg,West Bengal,Nadia,Krishnanagar,2020-02-01,2020,2,Rabi,454.02,30.93,34.0,32.26,1,5,1,5
Wheat,Grain,Quintal,West Bengal,Nadia,Krishnanagar,2021-04-11,2021,4,Zaid,299.71,2363.94,2498.29,2431.34,11,14,2,6
Tomato,Vegetable,Kg,West Bengal,Purba Medinipur,Panskura,2021-07-02,2021,7,Kharif,378.55,51.97,55.52,53.63,2,26,3,4
Brinjal,Vegetable,Kg,West Bengal,Purba Medinipur,Panskura,2025-11-16,2025,11,Rabi,665.68,20.83,23.37,22.12,16,46,4,6
Milk,Dairy,Litre,West Bengal,Hooghly,Arambagh,2020-04-26,2020,4,Zaid,487.32,64.75,74.58,70.11,26,17,2,6
Mustard,Oilseed,Quintal,West Bengal,Nadia,Krishnanagar,2022-07-31,2022,7,Kharif,502.6,4313.04,4644.02,4478.53,31,30,3,6
Milk,Dairy,Litre,West Bengal,Purba Medinipur,Panskura,2023-01-06,2023,1,Rabi,693.26,62.98,64.76,64.24,6,1,1,4
Rice,Grain,Quintal,West Bengal,Purba Medinipur,Panskura,2024-12-27,2024,12,Rabi,863.64,1961.21,2205.03,2082.81,27,52,4,4
Rice,Grain,Quintal,West Bengal,Purba Medinipur,Panskura,2025-09-10,2025,9,Kharif,893.61,2941.94,3388.3,3165.0,10,37,3,2
Cabbage,Vegetable,Kg,West Bengal,Purba Medinipur,Panskura,2025-07-31,2025,7,Kharif,221.2,22.99,25.43,24.63,31,31,3,3
Onion,Vegetable,Kg,West Bengal,Hooghly,Arambagh,2023-11-09,2023,11,Rabi,401.05,20.42,22.21,21.63,9,45,4,3
Rice,Grain,Quintal,West Bengal,Hooghly,Arambagh,2021-01-07,2021,1,Rabi,358.61,2295.01,2469.65,2382.54,7,1,1,3
Potato,Vegetable,Kg,West Bengal,Purba Medinipur,Panskura,2021-12-28,2021,12,Rabi,456.59,10.56,12.13,11.76,28,52,4,1
Cotton,Fiber,Quintal,West Bengal,Nadia,Krishnanagar,2022-07-04,2022,7,Kharif,207.99,8806.14,9619.71,9212.63,4,27,3,0
Cabbage,Vegetable,Kg,West Bengal,Hooghly,Arambagh,2022-05-16,2022,5,Zaid,261.69,18.75,21.0,19.65,16,20,2,0
Rice,Grain,Quintal,West Bengal,Nadia,Krishnanagar,2023-11-18,2023,11,Rabi,90.07,2506.94,2726.5,2616.99,18,46,4,5
Brinjal,Vegetable,Kg,West Bengal,Hooghly,Arambagh,2020-09-27,2020,9,Kharif,486.88,45.88,50.58,48.32,27,39,3,6
Potato,Vegetable,Kg,West Bengal,Purba Medinipur,Panskura,2020-09-14,2020,9,Kharif,262.34,23.37,26.52,24.7,14,38,3,0
Cotton,Fiber,Quintal,West Bengal,Hooghly,Arambagh,2023-09-16,2023,9,Kharif,840.32,5511.01,6286.43,5898.31,16,37,3,5
Mustard,Oilseed,Quintal,West Bengal,Purba Medinipur,Panskura,2024-10-04,2024,10,Rabi,474.89,4911.14,5511.66,5210.97,4,40,4,4
Banana,Fruit,Dozen,West Bengal,Purba Medinipur,Panskura,2025-03-20,2025,3,Rabi,687.73,28.95,30.6,29.68,20,12,1,3
Maize,Grain,Quintal,West Bengal,Nadia,Krishnanagar,2020-09-19,2020,9,Kharif,129.15,1829.94,2026.86,1928.73,19,38,3,5
Mustard Oil,Oil,Litre,West Bengal,Hooghly,Arambagh,2021-06-03,2021,6,Kharif,851.84,115.75,128.98,122.11,3,22,2,3
Tomato,Vegetable,Kg,West Bengal,Nadia,Krishnanagar,2020-08-19,2020,8,Kharif,696.39,55.39,61.3,58.48,19,34,3,2
Maize,Grain,Quintal,West Bengal,Hooghly,Arambagh,2022-07-22,2022,7,Kharif,729.04,1496.17,1682.4,1589.54,22,29,3,4
Banana,Fruit,Dozen,West Bengal,Hooghly,Arambagh,2020-06-23,2020,6,Kharif,837.34,110.87,129.51,120.14,23,26,2,1
Brinjal,Vegetable,Kg,West Bengal,Nadia,Krishnanagar,2023-02-06,2023,2,Rabi,504.14,15.83,17.83,16.35,6,6,1,0
Banana,Fruit,Dozen,West Bengal,Nadia,Krishnanagar,2023-06-11,2023,6,Kharif,800.36,56.54,63.59,60.38,11,23,2,6
Cabbage,Vegetable,Kg,West Bengal,Hooghly,Arambagh,2021-12-01,2021,12,Rabi,79.28,30.77,33.88,31.83,1,48,4,2
Maize,Grain,Quintal,West Bengal,Hooghly,Arambagh,2024-09-19,2024,9,Kharif,444.19,1672.54,1835.54,1754.52,19,38,3,3
Mustard,Oilseed,Quintal,West Bengal,Nadia,Krishnanagar,2020-06-10,2020,6,Kharif,856.5,5151.09,5455.5,5302.98,10,24,2,2
Maize,Grain,Quintal,West Bengal,Hooghly,Arambagh,2024-11-16,2024,11,Rabi,178.06,2215.73,2347.73,2281.91,16,46,4,5
Potato,Vegetable,Kg,West Bengal,Nadia,Krishnanagar,2023-07-19,2023,7,Kharif,420.37,11.69,13.55,12.47,19,29,3,2
Brinjal,Vegetable,Kg,West Bengal,Purba Medinipur,Panskura,2020-05-02,2020,5,Zaid,452.11,39.98,44.03,42.16,2,18,2,5
Maize,Grain,Quintal,West Bengal,Hooghly,Arambagh,2022-03-11,2022,3,Rabi,410.17,2667.26,2874.63,2770.62,11,10,1,4
Cotton,Fiber,Quintal,West Bengal,Hooghly,Arambagh,2021-01-14,2021,1,Rabi,786.25,6002.45,6943.3,6472.55,14,2,1,3
Mango,Fruit,Kg,West Bengal,Nadia,Krishnanagar,2023-11-16,2023,11,Rabi,417.78,113.62,128.84,120.96,16,46,4,3
Cabbage,Vegetable,Kg,West Bengal,Purba Medinipur,Panskura,2025-05-12,2025,5,Zaid,430.45,10.62,11.79,10.85,12,20,2,0
Milk,Dairy,Litre,West Bengal,Purba Medinipur,Panskura,2023-11-10,2023,11,Rabi,170.4,45.93,52.86,49.61,10,45,4,4
Mustard,Oilseed,Quintal,West Bengal,Purba Medinipur,Panskura,2022-12-29,2022,12,Rabi,391.77,4647.41,5150.11,4898.81,29,52,4,3
Cabbage,Vegetable,Kg,West Bengal,Purba Medinipur,Panskura,2020-02-17,2020,2,Rabi,659.08,17.81,19.95,19.25,17,8,1,0
Cotton,Fiber,Quintal,West Bengal,Nadia,Krishnanagar,2025-01-05,2025,1,Rabi,212.74,7825.92,8447.48,8136.68,5,1,1,6
Potato,Vegetable,Kg,West Bengal,Purba Medinipur,Panskura,2020-01-23,2020,1,Rabi,747.36,12.54,14.26,13.43,23,4,1,3
Mustard Oil,Oil,Litre,West Bengal,Nadia,Krishnanagar,2021-08-28,2021,8,Kharif,163.59,108.85,123.62,115.77,28,34,3,5
Rice,Grain,Quintal,West Bengal,Purba Medinipur,Panskura,2020-06-13,2020,6,Kharif,295.19,2640.78,2820.43,2731.08,13,24,2,5
Brinjal,Vegetable,Kg,West Bengal,Nadia,Krishnanagar,2023-12-26,2023,12,Rabi,827.91,39.79,45.0,42.75,26,52,4,1
Banana,Fruit,Dozen,West Bengal,Hooghly,Arambagh,2021-11-02,2021,11,Rabi,566.51,83.48,89.0,86.08,2,44,4,1
Cabbage,Vegetable,Kg,West Bengal,Purba Medinipur,Panskura,2021-09-28,2021,9,Kharif,353.83,33.69,35.87,34.84,28,39,3,1
Wheat,Grain,Quintal,West Bengal,Hooghly,Arambagh,2022-02-13,2022,2,Rabi,655.23,2611.58,2805.49,2708.49,13,6,1,6
Potato,Vegetable,Kg,West Bengal,Nadia,Krishnanagar,2024-08-15,2024,8,Kharif,438.26,27.53,30.18,29.22,15,33,3,3
Onion,Vegetable,Kg,West Bengal,Nadia,Krishnanagar,2020-04-04,2020,4,Zaid,119.57,54.45,58.33,56.51,4,14,2,5
Onion,Vegetable,Kg,West Bengal,Nadia,Krishnanagar,2021-01-21,2021,1,Rabi,627.3,16.55,18.96,18.09,21,3,1,3
Mustard,Oilseed,Quintal,West Bengal,Nadia,Krishnanagar,2022-11-01,2022,11,Rabi,618.76,5933.93,6337.83,6135.86,1,44,4,1
Tomato,Vegetable,Kg,West Bengal,Nadia,Krishnanagar,2022-01-19,2022,1,Rabi,303.19,12.09,13.38,12.26,19,3,1,2
Potato,Vegetable,Kg,West Bengal,Nadia,Krishnanagar,2021-06-20,2021,6,Kharif,506.66,12.75,14.0,13.19,20,24,2,6
Tomato,Vegetable,Kg,West Bengal,Nadia,Krishnanagar,2021-10-08,2021,10,Rabi,393.03,49.81,52.66,51.39,8,40,4,4
Mango,Fruit,Kg,West Bengal,Hooghly,Arambagh,2023-08-15,2023,8,Kharif,899.06,157.17,164.8,160.8,15,33,3,1
Rice,Grain,Quintal,West Bengal,Hooghly,Arambagh,2021-01-01,2021,1,Rabi,306.26,2123.67,2350.51,2236.95,1,53,1,4
Mustard Oil,Oil,Litre,West Bengal,Hooghly,Arambagh,2023-11-08,2023,11,Rabi,25.35,202.34,209.72,206.36,8,45,4,2
Wheat,Grain,Quintal,West Bengal,Purba Medinipur,Panskura,2023-09-11,2023,9,Kharif,620.62,2585.94,2822.23,2704.17,11,37,3,0
Banana,Fruit,Dozen,West Bengal,Nadia,Krishnanagar,2021-03-09,2021,3,Rabi,799.47,106.89,112.73,110.2,9,10,1,1
Milk,Dairy,Litre,West Bengal,Nadia,Krishnanagar,2022-02-28,2022,2,Rabi,42.75,37.38,40.34,38.82,28,9,1,0
Mango,Fruit,Kg,West Bengal,Purba Medinipur,Panskura,2025-03-08,2025,3,Rabi,578.19,178.15,182.08,180.57,8,10,1,5
Wheat,Grain,Quintal,West Bengal,Hooghly,Arambagh,2022-07-17,2022,7,Kharif,572.07,2670.25,2766.59,2718.73,17,28,3,6
Milk,Dairy,Litre,West Bengal,Nadia,Krishnanagar,2025-05-06,2025,5,Zaid,91.62,41.71,48.52,44.93,6,19,2,1
Potato,Vegetable,Kg,West Bengal,Hooghly,Arambagh,2025-04-11,2025,4,Zaid,120.83,9.94,11.34,10.83,11,15,2,4
Maize,Grain,Quintal,West Bengal,Purba Medinipur,Panskura,2020-06-18,2020,6,Kharif,305.9,2156.67,2312.44,2234.12,18,25,2,3
Tomato,Vegetable,Kg,West Bengal,Hooghly,Arambagh,2024-06-20,2024,6,Kharif,878.53,10.36,11.49,11.33,20,25,2,3
Cotton,Fiber,Quintal,West Bengal,Hooghly,Arambagh,2022-11-30,2022,11,Rabi,805.41,5253.43,5948.51,5601.47,30,48,4,2
Banana,Fruit,Dozen,West Bengal,Nadia,Krishnanagar,2020-06-28,2020,6,Kharif,482.42,107.5,113.99,110.5,28,26,2,6
Potato,Vegetable,Kg,West Bengal,Purba Medinipur,Panskura,2023-06-12,2023,6,Kharif,788.34,22.44,25.03,23.97,12,24,2,0
Potato,Vegetable,Kg,West Bengal,Nadia,Krishnanagar,2025-02-19,2025,2,Rabi,64.16,22.43,24.02,23.69,19,8,1,2
Onion,Vegetable,Kg,West Bengal,Purba Medinipur,Panskura,2022-01-10,2022,1,Rabi,196.15,46.81,52.04,49.08,10,2,1,0
Mango,Fruit,Kg,West Bengal,Hooghly,Arambagh,2020-02-29,2020,2,Rabi,516.13,128.03,132.87,129.96,29,9,1,5
Onion,Vegetable,Kg,West Bengal,Purba Medinipur,Panskura,2023-09-02,2023,9,Kharif,146.51,50.77,58.47,55.01,2,35,3,5
Rice,Grain,Quintal,West Bengal,Purba Medinipur,Panskura,2022-02-12,2022,2,Rabi,220.08,2639.6,2721.25,2680.02,12,6,1,5
Cotton,Fiber,Quintal,West Bengal,Hooghly,Arambagh,2021-10-16,2021,10,Rabi,40.4,7354.82,8134.47,7744.72,16,41,4,5
Rice,Grain,Quintal,West Bengal,Nadia,Krishnanagar,2023-02-20,2023,2,Rabi,137.79,2512.64,2610.74,2562.02,20,8,1,0
Rice,Grain,Quintal,West Bengal,Nadia,Krishnanagar,2024-02-06,2024,2,Rabi,31.77,2657.77,2844.5,2751.55,6,6,1,1
Mustard,Oilseed,Quintal,West Bengal,Nadia,Krishnanagar,2020-05-11,2020,5,Zaid,678.49,5270.85,6034.99,5652.94,11,20,2,0
Milk,Dairy,Litre,West Bengal,Purba Medinipur,Panskura,2021-11-29,2021,11,Rabi,402.65,41.33,46.83,43.95,29,48,4,0
Tomato,Vegetable,Kg,West Bengal,Hooghly,Arambagh,2025-04-05,2025,4,Zaid,889.01,51.97,54.65,52.89,5,14,2,5
Rice,Grain,Quintal,West Bengal,Hooghly,Arambagh,2023-07-13,2023,7,Kharif,137.76,2889.75,3037.6,2963.5,13,28,3,3
Cabbage,Vegetable,Kg,West Bengal,Hooghly,Arambagh,2023-02-15,2023,2,Rabi,227.1,27.26,29.81,28.38,15,7,1,2
Milk,Dairy,Litre,West Bengal,Nadia,Krishnanagar,2020-06-06,2020,6,Kharif,94.02,53.55,57.74,56.06,6,23,2,5
Wheat,Grain,Quintal,West Bengal,Hooghly,Arambagh,2025-10-08,2025,10,Rabi,450.9,2471.63,2780.86,2626.1,8,41,4,2
Mango,Fruit,Kg,West Bengal,Purba Medinipur,Panskura,2025-01-04,2025,1,Rabi,199.22,72.14,75.48,73.96,4,1,1,5
Onion,Vegetable,Kg,West Bengal,Purba Medinipur,Panskura,2023-11-05,2023,11,Rabi,624.46,43.99,46.38,45.19,5,44,4,6
Mustard,Oilseed,Quintal,West Bengal,Hooghly,Arambagh,2020-09-17,2020,9,Kharif,408.78,4428.67,4895.98,4662.05,17,38,3,3
Mango,Fruit,Kg,West Bengal,Nadia,Krishnanagar,2020-05-20,2020,5,Zaid,105.05,65.18,71.93,68.13,20,21,2,2
Mango,Fruit,Kg,West Bengal,Purba Medinipur,Panskura,2023-04-17,2023,4,Zaid,745.85,53.66,60.88,56.88,17,16,2,0
Tomato,Vegetable,Kg,West Bengal,Nadia,Krishnanagar,2021-10-14,2021,10,Rabi,510.72,25.83,27.98,26.91,14,41,4,3
Cotton,Fiber,Quintal,West Bengal,Nadia,Krishnanagar,2024-01-17,2024,1,Rabi,121.71,6352.98,6830.1,6591.17,17,3,1,2
Maize,Grain,Quintal,West Bengal,Hooghly,Arambagh,2023-05-09,2023,5,Zaid,285.07,1903.58,2095.66,1999.41,9,19,2,1
Maize,Grain,Quintal,West Bengal,Purba Medinipur,Panskura,2022-08-23,2022,8,Kharif,343.12,2614.27,2756.9,2685.98,23,34,3,1
Maize,Grain,Quintal,West Bengal,Hooghly,Arambagh,2021-03-08,2021,3,Rabi,319.19,2168.42,2330.93,2250.06,8,10,1,0
Rice,Grain,Quintal,West Bengal,Hooghly,Arambagh,2024-11-26,2024,11,Rabi,505.85,1998.85,2255.59,2127.26,26,48,4,1
Rice,Grain,Quintal,West Bengal,Hooghly,Arambagh,2021-09-01,2021,9,Kharif,854.01,1782.76,1986.48,1885.02,1,35,3,2
Rice,Grain,Quintal,West Bengal,Hooghly,Arambagh,2023-02-26,2023,2,Rabi,163.45,1838.15,2112.11,1974.93,26,8,1,6
Mustard Oil,Oil,Litre,West Bengal,Purba Medinipur,Panskura,2021-01-19,2021,1,Rabi,519.77,184.58,194.51,189.9,19,3,1,1
Maize,Grain,Quintal,West Bengal,Purba Medinipur,Panskura,2025-12-06,2025,12,Rabi,925.2,2436.19,2829.3,2632.78,6,49,4,5
Cabbage,Vegetable,Kg,West Bengal,Nadia,Krishnanagar,2024-07-17,2024,7,Kharif,919.41,30.51,34.54,32.44,17,29,3,2
Brinjal,Vegetable,Kg,West Bengal,Hooghly,Arambagh,2023-01-27,2023,1,Rabi,106.21,16.92,18.78,17.42,27,4,1,4
Onion,Vegetable,Kg,West Bengal,Nadia,Krishnanagar,2020-08-19,2020,8,Kharif,681.05,22.09,24.94,23.45,19,34,3,2
Banana,Fruit,Dozen,West Bengal,Hooghly,Arambagh,2023-06-21,2023,6,Kharif,632.84,59.43,66.69,62.8,21,25,2,2
Tomato,Vegetable,Kg,West Bengal,Nadia,Krishnanagar,2020-06-25,2020,6,Kharif,39.2,43.48,48.56,46.44,25,26,2,3
Cotton,Fiber,Quintal,West Bengal,Hooghly,Arambagh,2020-05-23,2020,5,Zaid,52.9,7657.71,8419.35,8038.48,23,21,2,5
Mustard,Oilseed,Quintal,West Bengal,Purba Medinipur,Panskura,2020-06-21,2020,6,Kharif,319.05,5512.2,5665.56,5588.92,21,25,2,6
Milk,Dairy,Litre,West Bengal,Hooghly,Arambagh,2023-07-03,2023,7,Kharif,233.36,36.38,39.79,38.4,3,27,3,0
Onion,Vegetable,Kg,West Bengal,Purba Medinipur,Panskura,2023-09-16,2023,9,Kharif,624.53,37.56,41.15,38.87,16,37,3,5
Cotton,Fiber,Quintal,West Bengal,Purba Medinipur,Panskura,2021-07-17,2021,7,Kharif,287.81,4969.37,5175.41,5072.25,17,28,3,5
Banana,Fruit,Dozen,West Bengal,Purba Medinipur,Panskura,2025-01-20,2025,1,Rabi,714.26,82.3,88.68,85.54,20,4,1,0
Wheat,Grain,Quintal,West Bengal,Nadia,Krishnanagar,2020-02-27,2020,2,Rabi,635.55,2070.57,2124.9,2097.84,27,9,1,3
Brinjal,Vegetable,Kg,West Bengal,Nadia,Krishnanagar,2023-01-19,2023,1,Rabi,918.06,35.87,39.57,37.63,19,3,1,3
Onion,Vegetable,Kg,West Bengal,Purba Medinipur,Panskura,2021-05-16,2021,5,Zaid,119.43,24.32,28.31,26.77,16,19,2,6
Brinjal,Vegetable,Kg,West Bengal,Nadia,Krishnanagar,2025-09-02,2025,9,Kharif,284.23,45.59,49.0,46.9,2,36,3,1
Tomato,Vegetable,Kg,West Bengal,Nadia,Krishnanagar,2024-09-27,2024,9,Kharif,612.79,22.7,25.43,24.51,27,39,3,4
Tomato,Vegetable,Kg,West Bengal,Purba Medinipur,Panskura,2025-06-02,2025,6,Kharif,324.7,50.22,54.68,52.79,2,23,2,0
Cabbage,Vegetable,Kg,West Bengal,Nadia,Krishnanagar,2022-06-12,2022,6,Kharif,121.18,32.61,36.11,33.92,12,23,2,6
Mustard Oil,Oil,Litre,West Bengal,Nadia,Krishnanagar,2024-03-02,2024,3,Rabi,271.21,200.82,209.05,205.32,2,9,1,5
Rice,Grain,Quintal,West Bengal,Purba Medinipur,Panskura,2022-01-21,2022,1,Rabi,227.11,2942.07,3260.86,3101.76,21,3,1,4
Mustard Oil,Oil,Litre,West Bengal,Purba Medinipur,Panskura,2021-02-13,2021,2,Rabi,463.97,115.4,126.74,120.87,13,6,1,5
Potato,Vegetable,Kg,West Bengal,Hooghly,Arambagh,2023-12-11,2023,12,Rabi,192.83,18.61,20.96,19.4,11,50,4,0
Rice,Grain,Quintal,West Bengal,Purba Medinipur,Panskura,2022-07-09,2022,7,Kharif,131.0,2214.7,2384.69,2299.2,9,27,3,5
Banana,Fruit,Dozen,West Bengal,Hooghly,Arambagh,2024-12-29,2024,12,Rabi,530.9,48.94,53.44,51.3,29,52,4,6
Tomato,Vegetable,Kg,West Bengal,Hooghly,Arambagh,2025-06-19,2025,6,Kharif,517.86,17.52,19.63,18.6,19,25,2,3
Cotton,Fiber,Quintal,West Bengal,Purba Medinipur,Panskura,2024-01-04,2024,1,Rabi,853.72,6140.47,6612.47,6376.77,4,1,1,3
Tomato,Vegetable,Kg,West Bengal,Purba Medinipur,Panskura,2025-01-14,2025,1,Rabi,250.92,28.16,31.05,29.59,14,3,1,1
Mustard Oil,Oil,Litre,West Bengal,Purba Medinipur,Panskura,2021-10-14,2021,10,Rabi,747.09,180.26,201.96,191.05,14,41,4,3
Wheat,Grain,Quintal,West Bengal,Hooghly,Arambagh,2025-07-14,2025,7,Kharif,462.44,1953.18,2047.98,2001.01,14,29,3,0
Brinjal,Vegetable,Kg,West Bengal,Nadia,Krishnanagar,2023-06-01,2023,6,Kharif,631.7,46.94,51.91,49.54,1,22,2,3
Mango,Fruit,Kg,West Bengal,Nadia,Krishnanagar,2021-10-14,2021,10,Rabi,351.0,49.41,53.29,50.95,14,41,4,3
Mango,Fruit,Kg,West Bengal,Hooghly,Arambagh,2021-06-25,2021,6,Kharif,793.79,54.56,58.51,56.24,25,25,2,4
Milk,Dairy,Litre,West Bengal,Nadia,Krishnanagar,2024-09-08,2024,9,Kharif,609.38,52.63,59.01,55.87,8,36,3,6
Mango,Fruit,Kg,West Bengal,Nadia,Krishnanagar,2022-05-28,2022,5,Zaid,79.15,78.73,84.09,81.54,28,21,2,5
Milk,Dairy,Litre,West Bengal,Hooghly,Arambagh,2021-12-29,2021,12,Rabi,82.45,45.03,51.31,47.83,29,52,4,2
Brinjal,Vegetable,Kg,West Bengal,Nadia,Krishnanagar,2024-06-11,2024,6,Kharif,22.44,22.11,24.03,23.48,11,24,2,1
Mustard Oil,Oil,Litre,West Bengal,Nadia,Krishnanagar,2021-12-07,2021,12,Rabi,55.06,156.76,165.9,161.39,7,49,4,1
Onion,Vegetable,Kg,West Bengal,Nadia,Krishnanagar,2025-10-16,2025,10,Rabi,328.86,46.84,49.78,48.06,16,42,4,3
Milk,Dairy,Litre,West Bengal,Nadia,Krishnanagar,2021-10-17,2021,10,Rabi,250.07,31.88,34.8,32.9,17,41,4,6
Mustard,Oilseed,Quintal,West Bengal,Nadia,Krishnanagar,2020-06-23,2020,6,Kharif,309.53,6543.67,6588.08,6566.1,23,26,2,1
Mustard,Oilseed,Quintal,West Bengal,Nadia,Krishnanagar,2023-10-04,2023,10,Rabi,408.17,6329.3,7234.93,6781.63,4,40,4,2
Banana,Fruit,Dozen,West Bengal,Purba Medinipur,Panskura,2024-12-30,2024,12,Rabi,779.92,76.47,79.45,78.23,30,1,4,0
Potato,Vegetable,Kg,West Bengal,Purba Medinipur,Panskura,2025-03-30,2025,3,Rabi,531.99,20.56,22.68,21.94,30,13,1,6
Brinjal,Vegetable,Kg,West Bengal,Hooghly,Arambagh,2020-12-06,2020,12,Rabi,104.69,25.24,28.15,26.45,6,49,4,6
Maize,Grain,Quintal,West Bengal,Nadia,Krishnanagar,2020-11-02,2020,11,Rabi,151.23,2242.71,2595.22,2418.64,2,45,4,0
Mustard Oil,Oil,Litre,West Bengal,Hooghly,Arambagh,2023-05-19,2023,5,Zaid,313.99,187.84,201.53,194.84,19,20,2,4
Mustard Oil,Oil,Litre,West Bengal,Nadia,Krishnanagar,2020-06-17,2020,6,Kharif,286.55,155.95,171.94,163.67,17,25,2,2
Cabbage,Vegetable,Kg,West Bengal,Nadia,Krishnanagar,2021-07-09,2021,7,Kharif,482.9,19.42,21.48,20.9,9,27,3,4
Mustard,Oilseed,Quintal,West Bengal,Nadia,Krishnanagar,2025-08-02,2025,8,Kharif,206.58,4794.15,5068.37,4930.94,2,31,3,5
Potato,Vegetable,Kg,West Bengal,Purba Medinipur,Panskura,2025-03-14,2025,3,Rabi,942.84,31.5,34.36,32.55,14,11,1,4
Onion,Vegetable,Kg,West Bengal,Nadia,Krishnanagar,2024-04-12,2024,4,Zaid,257.59,32.01,34.61,33.61,12,15,2,4
Wheat,Grain,Quintal,West Bengal,Nadia,Krishnanagar,2020-08-22,2020,8,Kharif,599.59,1890.83,2135.93,2013.04,22,34,3,5
Cabbage,Vegetable,Kg,West Bengal,Hooghly,Arambagh,2020-02-19,2020,2,Rabi,772.12,24.5,27.6,25.59,19,8,1,2
Wheat,Grain,Quintal,West Bengal,Hooghly,Arambagh,2025-06-22,2025,6,Kharif,152.88,2045.31,2130.45,2087.5,22,25,2,6
Mango,Fruit,Kg,West Bengal,Purba Medinipur,Panskura,2022-11-24,2022,11,Rabi,853.62,98.44,104.97,101.59,24,47,4,3
Potato,Vegetable,Kg,West Bengal,Hooghly,Arambagh,2024-10-11,2024,10,Rabi,573.33,26.35,28.54,27.26,11,41,4,4
Mustard,Oilseed,Quintal,West Bengal,Nadia,Krishnanagar,2020-09-06,2020,9,Kharif,628.74,6237.07,7118.01,6677.3,6,36,3,6
Rice,Grain,Quintal,West Bengal,Hooghly,Arambagh,2021-11-29,2021,11,Rabi,773.3,2621.93,2754.81,2688.63,29,48,4,0
Tomato,Vegetable,Kg,West Bengal,Purba Medinipur,Panskura,2025-09-15,2025,9,Kharif,374.48,53.42,57.5,55.79,15,38,3,0
Milk,Dairy,Litre,West Bengal,Nadia,Krishnanagar,2025-11-03,2025,11,Rabi,598.25,32.08,35.87,34.42,3,45,4,0
Mango,Fruit,Kg,West Bengal,Purba Medinipur,Panskura,2025-01-31,2025,1,Rabi,426.69,127.7,136.33,132.35,31,5,1,4
Rice,Grain,Quintal,West Bengal,Nadia,Krishnanagar,2021-07-03,2021,7,Kharif,536.43,2969.17,3365.58,3167.29,3,26,3,5
Mustard Oil,Oil,Litre,West Bengal,Hooghly,Arambagh,2025-05-23,2025,5,Zaid,579.93,126.24,132.73,129.61,23,21,2,4
Maize,Grain,Quintal,West Bengal,Hooghly,Arambagh,2022-01-20,2022,1,Rabi,310.73,2383.11,2772.09,2577.56,20,3,1,3
Maize,Grain,Quintal,West Bengal,Hooghly,Arambagh,2020-04-03,2020,4,Zaid,159.34,2518.76,2787.73,2652.94,3,14,2,4
Mustard,Oilseed,Quintal,West Bengal,Hooghly,Arambagh,2023-02-28,2023,2,Rabi,674.57,5278.61,5611.3,5444.96,28,9,1,1
Banana,Fruit,Dozen,West Bengal,Hooghly,Arambagh,2023-01-09,2023,1,Rabi,730.0,60.78,64.72,62.4,9,2,1,0
Mustard Oil,Oil,Litre,West Bengal,Nadia,Krishnanagar,2020-02-08,2020,2,Rabi,274.37,189.77,212.5,201.31,8,6,1,5
Onion,Vegetable,Kg,West Bengal,Hooghly,Arambagh,2025-03-11,2025,3,Rabi,814.84,32.77,34.53,33.78,11,11,1,1
Cotton,Fiber,Quintal,West Bengal,Hooghly,Arambagh,2023-07-04,2023,7,Kharif,562.66,8269.92,9439.38,8854.25,4,27,3,1
Tomato,Vegetable,Kg,West Bengal,Purba Medinipur,Panskura,2021-11-29,2021,11,Rabi,456.66,50.03,51.85,50.89,29,48,4,0
Potato,Vegetable,Kg,West Bengal,Purba Medinipur,Panskura,2021-08-04,2021,8,Kharif,401.62,33.67,36.18,34.51,4,31,3,2
Onion,Vegetable,Kg,West Bengal,Nadia,Krishnanagar,2024-10-27,2024,10,Rabi,819.78,70.27,76.18,73.35,27,43,4,6
Potato,Vegetable,Kg,West Bengal,Purba Medinipur,Panskura,2023-04-16,2023,4,Zaid,574.13,13.58,15.26,14.31,16,15,2,6
Mustard Oil,Oil,Litre,West Bengal,Nadia,Krishnanagar,2020-05-20,2020,5,Zaid,399.65,164.09,180.8,171.98,20,21,2,2
Milk,Dairy,Litre,West Bengal,Nadia,Krishnanagar,2023-07-24,2023,7,Kharif,931.49,56.05,60.38,57.91,24,30,3,0
Mustard Oil,Oil,Litre,West Bengal,Hooghly,Arambagh,2025-11-05,2025,11,Rabi,821.44,137.22,149.69,143.73,5,45,4,2
Potato,Vegetable,Kg,West Bengal,Hooghly,Arambagh,2021-08-05,2021,8,Kharif,323.52,34.25,35.87,35.47,5,31,3,3
Mustard,Oilseed,Quintal,West Bengal,Nadia,Krishnanagar,2021-12-14,2021,12,Rabi,175.1,6039.84,6137.89,6089.25,14,50,4,1
Mango,Fruit,Kg,West Bengal,Purba Medinipur,Panskura,2021-12-25,2021,12,Rabi,600.29,100.01,106.31,103.44,25,51,4,5
Rice,Grain,Quintal,West Bengal,Nadia,Krishnanagar,2024-04-13,2024,4,Zaid,712.55,2906.65,3054.72,2980.4,13,15,2,5
Wheat,Grain,Quintal,West Bengal,Nadia,Krishnanagar,2023-01-24,2023,1,Rabi,259.15,2375.3,2565.82,2470.25,24,4,1,1
Brinjal,Vegetable,Kg,West Bengal,Hooghly,Arambagh,2021-11-22,2021,11,Rabi,164.38,46.58,54.18,50.48,22,47,4,0
Wheat,Grain,Quintal,West Bengal,Purba Medinipur,Panskura,2022-08-10,2022,8,Kharif,615.2,2269.15,2432.22,2350.28,10,32,3,2
Rice,Grain,Quintal,West Bengal,Hooghly,Arambagh,2025-06-02,2025,6,Kharif,674.69,2399.84,2564.58,2482.62,2,23,2,0
Cabbage,Vegetable,Kg,West Bengal,Purba Medinipur,Panskura,2023-11-15,2023,11,Rabi,254.02,27.95,31.5,29.52,15,46,4,2
Mustard Oil,Oil,Litre,West Bengal,Hooghly,Arambagh,2022-10-24,2022,10,Rabi,341.31,131.31,141.22,135.98,24,43,4,0
Mango,Fruit,Kg,West Bengal,Nadia,Krishnanagar,2023-08-26,2023,8,Kharif,486.41,50.19,55.82,53.16,26,34,3,5
Onion,Vegetable,Kg,West Bengal,Nadia,Krishnanagar,2025-01-24,2025,1,Rabi,358.57,17.48,20.06,18.9,24,4,1,4
Milk,Dairy,Litre,West Bengal,Purba Medinipur,Panskura,2020-10-04,2020,10,Rabi,939.06,47.81,51.09,49.52,4,40,4,6
Banana,Fruit,Dozen,West Bengal,Nadia,Krishnanagar,2025-09-04,2025,9,Kharif,861.76,71.71,78.84,74.8,4,36,3,3
Wheat,Grain,Quintal,West Bengal,Purba Medinipur,Panskura,2020-05-26,2020,5,Zaid,822.12,2395.66,2525.7,2461.05,26,22,2,1
Onion,Vegetable,Kg,West Bengal,Hooghly,Arambagh,2020-07-06,2020,7,Kharif,99.49,16.57,18.26,16.93,6,28,3,0
Potato,Vegetable,Kg,West Bengal,Hooghly,Arambagh,2021-06-10,2021,6,Kharif,390.73,17.67,18.97,18.58,10,23,2,3
Milk,Dairy,Litre,West Bengal,Purba Medinipur,Panskura,2021-01-02,2021,1,Rabi,374.45,32.31,37.0,34.18,2,53,1,5
Mustard,Oilseed,Quintal,West Bengal,Nadia,Krishnanagar,2020-07-02,2020,7,Kharif,931.69,6909.09,7145.59,7027.02,2,27,3,3
Brinjal,Vegetable,Kg,West Bengal,Purba Medinipur,Panskura,2022-02-02,2022,2,Rabi,775.66,23.84,27.15,25.33,2,5,1,2
Onion,Vegetable,Kg,West Bengal,Nadia,Krishnanagar,2025-11-11,2025,11,Rabi,686.86,69.34,74.68,72.03,11,46,4,1
Cotton,Fiber,Quintal,West Bengal,Hooghly,Arambagh,2024-04-12,2024,4,Zaid,579.0,5448.7,5959.63,5704.29,12,15,2,4
Cabbage,Vegetable,Kg,West Bengal,Purba Medinipur,Panskura,2025-06-24,2025,6,Kharif,639.99,27.68,29.46,28.97,24,26,2,1
Milk,Dairy,Litre,West Bengal,Purba Medinipur,Panskura,2023-11-29,2023,11,Rabi,129.77,58.35,60.4,59.08,29,48,4,2
Cotton,Fiber,Quintal,West Bengal,Hooghly,Arambagh,2022-02-24,2022,2,Rabi,131.96,8330.4,8621.02,8475.25,24,8,1,3
Cotton,Fiber,Quintal,West Bengal,Hooghly,Arambagh,2020-08-28,2020,8,Kharif,749.31,7813.66,8261.41,8037.67,28,35,3,4
Mustard,Oilseed,Quintal,West Bengal,Hooghly,Arambagh,2025-08-25,2025,8,Kharif,570.63,4715.8,5068.55,4892.66,25,35,3,0
Mustard,Oilseed,Quintal,West Bengal,Hooghly,Arambagh,2023-11-04,2023,11,Rabi,488.22,6646.43,7453.34,7049.99,4,44,4,5
Cotton,Fiber,Quintal,West Bengal,Nadia,Krishnanagar,2022-04-18,2022,4,Zaid,916.24,5426.66,6010.42,5718.55,18,16,2,0
Wheat,Grain,Quintal,West Bengal,Nadia,Krishnanagar,2021-07-24,2021,7,Kharif,126.1,1926.85,2143.28,2034.75,24,29,3,5
Maize,Grain,Quintal,West Bengal,Purba Medinipur,Panskura,2023-09-04,2023,9,Kharif,571.07,1507.41,1622.35,1564.52,4,36,3,0
Rice,Grain,Quintal,West Bengal,Purba Medinipur,Panskura,2021-11-13,2021,11,Rabi,752.05,2169.82,2258.81,2213.96,13,45,4,5
Milk,Dairy,Litre,West Bengal,Purba Medinipur,Panskura,2021-01-05,2021,1,Rabi,530.8,47.27,52.58,49.98,5,1,1,1
Mustard Oil,Oil,Litre,West Bengal,Nadia,Krishnanagar,2020-10-11,2020,10,Rabi,618.48,132.79,149.15,140.98,11,41,4,6
Mango,Fruit,Kg,West Bengal,Hooghly,Arambagh,2025-06-20,2025,6,Kharif,696.93,124.78,134.44,129.87,20,25,2,4
Maize,Grain,Quintal,West Bengal,Hooghly,Arambagh,2025-08-30,2025,8,Kharif,216.81,2187.68,2465.71,2326.69,30,35,3,5
Milk,Dairy,Litre,West Bengal,Nadia,Krishnanagar,2024-02-06,2024,2,Rabi,67.02,63.5,70.75,67.34,6,6,1,1
Milk,Dairy,Litre,West Bengal,Hooghly,Arambagh,2025-01-11,2025,1,Rabi,299.47,54.0,59.34,56.54,11,2,1,5
Cabbage,Vegetable,Kg,West Bengal,Purba Medinipur,Panskura,2025-04-10,2025,4,Zaid,191.01,21.13,23.05,22.29,10,15,2,3
Onion,Vegetable,Kg,West Bengal,Nadia,Krishnanagar,2025-02-14,2025,2,Rabi,628.97,30.63,33.32,31.54,14,7,1,4
Rice,Grain,Quintal,West Bengal,Nadia,Krishnanagar,2025-11-09,2025,11,Rabi,379.91,2835.78,3026.46,2931.54,9,45,4,6
Brinjal,Vegetable,Kg,West Bengal,Nadia,Krishnanagar,2024-11-06,2024,11,Rabi,29.94,14.71,16.26,15.1,6,45,4,2
Potato,Vegetable,Kg,West Bengal,Purba Medinipur,Panskura,2022-03-04,2022,3,Rabi,513.19,19.79,21.65,20.54,4,9,1,4
Banana,Fruit,Dozen,West Bengal,Hooghly,Arambagh,2025-11-24,2025,11,Rabi,740.97,88.02,99.85,94.12,24,48,4,0
Wheat,Grain,Quintal,West Bengal,Purba Medinipur,Panskura,2023-11-22,2023,11,Rabi,919.31,2210.11,2315.47,2262.45,22,47,4,2
Maize,Grain,Quintal,West Bengal,Purba Medinipur,Panskura,2023-12-13,2023,12,Rabi,567.59,1618.05,1761.85,1689.6,13,50,4,2
Mango,Fruit,Kg,West Bengal,Hooghly,Arambagh,2025-05-16,2025,5,Zaid,721.07,70.38,76.55,73.53,16,20,2,4
Tomato,Vegetable,Kg,West Bengal,Hooghly,Arambagh,2021-11-16,2021,11,Rabi,548.09,19.36,21.97,20.38,16,46,4,1
Onion,Vegetable,Kg,West Bengal,Purba Medinipur,Panskura,2022-11-18,2022,11,Rabi,314.62,61.07,66.39,63.55,18,46,4,4
Rice,Grain,Quintal,West Bengal,Purba Medinipur,Panskura,2023-11-07,2023,11,Rabi,425.41,2703.58,2746.38,2724.98,7,45,4,1
Potato,Vegetable,Kg,West Bengal,Nadia,Krishnanagar,2020-05-14,2020,5,Zaid,464.07,24.82,27.71,26.04,14,20,2,3
Cotton,Fiber,Quintal,West Bengal,Purba Medinipur,Panskura,2025-06-28,2025,6,Kharif,160.03,4902.13,5302.28,5102.61,28,26,2,5
Wheat,Grain,Quintal,West Bengal,Nadia,Krishnanagar,2023-11-30,2023,11,Rabi,564.41,2072.7,2241.01,2156.59,30,48,4,3
Mustard,Oilseed,Quintal,West Bengal,Hooghly,Arambagh,2021-03-21,2021,3,Rabi,99.1,6838.37,7484.11,7161.5,21,11,1,6
Onion,Vegetable,Kg,West Bengal,Purba Medinipur,Panskura,2025-02-04,2025,2,Rabi,797.6,50.75,57.1,54.38,4,6,1,1
Brinjal,Vegetable,Kg,West Bengal,Hooghly,Arambagh,2021-09-22,2021,9,Kharif,588.92,21.89,24.5,23.34,22,38,3,2
Tomato,Vegetable,Kg,West Bengal,Hooghly,Arambagh,2023-12-06,2023,12,Rabi,372.42,38.41,43.33,40.62,6,49,4,2
Tomato,Vegetable,Kg,West Bengal,Hooghly,Arambagh,2025-06-10,2025,6,Kharif,291.18,12.18,13.79,12.64,10,24,2,1
Cotton,Fiber,Quintal,West Bengal,Nadia,Krishnanagar,2020-09-25,2020,9,Kharif,381.95,7515.13,8046.6,7780.7,25,39,3,4
Banana,Fruit,Dozen,West Bengal,Nadia,Krishnanagar,2025-04-07,2025,4,Zaid,105.16,93.81,101.28,97.47,7,15,2,0
Milk,Dairy,Litre,West Bengal,Hooghly,Arambagh,2020-11-11,2020,11,Rabi,285.13,30.39,32.97,31.4,11,46,4,2
Banana,Fruit,Dozen,West Bengal,Hooghly,Arambagh,2021-10-26,2021,10,Rabi,200.09,104.8,116.37,110.09,26,43,4,1
Milk,Dairy,Litre,West Bengal,Nadia,Krishnanagar,2020-12-14,2020,12,Rabi,664.0,34.29,37.58,36.25,14,51,4,0
Mango,Fruit,Kg,West Bengal,Nadia,Krishnanagar,2024-03-31,2024,3,Rabi,417.58,70.59,75.08,73.33,31,13,1,6
Potato,Vegetable,Kg,West Bengal,Nadia,Krishnanagar,2025-10-31,2025,10,Rabi,774.37,16.74,18.75,17.57,31,44,4,4
Rice,Grain,Quintal,West Bengal,Hooghly,Arambagh,2025-09-03,2025,9,Kharif,718.07,2890.13,3336.03,3113.53,3,36,3,2
Brinjal,Vegetable,Kg,West Bengal,Hooghly,Arambagh,2023-02-06,2023,2,Rabi,335.43,48.69,51.03,49.69,6,6,1,0
Brinjal,Vegetable,Kg,West Bengal,Purba Medinipur,Panskura,2020-01-05,2020,1,Rabi,948.3,19.36,21.51,20.74,5,1,1,6
Wheat,Grain,Quintal,West Bengal,Nadia,Krishnanagar,2025-03-27,2025,3,Rabi,39.24,2585.66,2849.61,2717.9,27,13,1,3
Tomato,Vegetable,Kg,West Bengal,Hooghly,Arambagh,2020-08-25,2020,8,Kharif,155.69,46.15,50.01,48.34,25,35,3,1
Wheat,Grain,Quintal,West Bengal,Hooghly,Arambagh,2025-04-21,2025,4,Zaid,30.52,1956.62,2158.61,2057.91,21,17,2,0
Mustard,Oilseed,Quintal,West Bengal,Nadia,Krishnanagar,2020-12-08,2020,12,Rabi,692.98,4087.93,4738.21,4412.8,8,50,4,1
Onion,Vegetable,Kg,West Bengal,Nadia,Krishnanagar,2022-09-17,2022,9,Kharif,662.67,37.01,40.15,38.33,17,37,3,5
Maize,Grain,Quintal,West Bengal,Hooghly,Arambagh,2020-07-17,2020,7,Kharif,841.71,2354.76,2407.89,2381.06,17,29,3,4
Mustard,Oilseed,Quintal,West Bengal,Hooghly,Arambagh,2024-09-08,2024,9,Kharif,523.53,4568.72,5031.42,4800.33,8,36,3,6
Mango,Fruit,Kg,West Bengal,Nadia,Krishnanagar,2024-10-17,2024,10,Rabi,937.2,52.4,57.36,55.03,17,42,4,3
Cabbage,Vegetable,Kg,West Bengal,Hooghly,Arambagh,2021-11-28,2021,11,Rabi,221.04,7.86,8.95,8.64,28,47,4,6
Rice,Grain,Quintal,West Bengal,Hooghly,Arambagh,2024-02-03,2024,2,Rabi,908.22,2931.41,2978.6,2955.24,3,5,1,5
Milk,Dairy,Litre,West Bengal,Purba Medinipur,Panskura,2024-03-03,2024,3,Rabi,501.4,65.54,71.09,68.06,3,9,1,6
Brinjal,Vegetable,Kg,West Bengal,Nadia,Krishnanagar,2024-07-12,2024,7,Kharif,36.04,15.01,16.26,16.12,12,28,3,4
Maize,Grain,Quintal,West Bengal,Hooghly,Arambagh,2023-04-28,2023,4,Zaid,813.69,1688.65,1741.75,1714.84,28,17,2,4
Rice,Grain,Quintal,West Bengal,Nadia,Krishnanagar,2022-06-26,2022,6,Kharif,45.5,3037.77,3074.29,3055.64,26,25,2,6
Cabbage,Vegetable,Kg,West Bengal,Purba Medinipur,Panskura,2024-04-12,2024,4,Zaid,259.81,25.33,27.56,26.44,12,15,2,4
Banana,Fruit,Dozen,West Bengal,Hooghly,Arambagh,2021-11-11,2021,11,Rabi,497.3,104.4,119.52,112.4,11,45,4,3
Mustard Oil,Oil,Litre,West Bengal,Nadia,Krishnanagar,2022-08-14,2022,8,Kharif,243.86,173.23,186.03,180.12,14,32,3,6
Mango,Fruit,Kg,West Bengal,Nadia,Krishnanagar,2024-10-23,2024,10,Rabi,791.38,38.76,42.26,40.13,23,43,4,2
Brinjal,Vegetable,Kg,West Bengal,Hooghly,Arambagh,2024-11-07,2024,11,Rabi,216.1,24.74,27.74,26.43,7,45,4,3
Maize,Grain,Quintal,West Bengal,Nadia,Krishnanagar,2025-05-24,2025,5,Zaid,591.22,2536.91,2734.87,2636.31,24,21,2,5
Cabbage,Vegetable,Kg,West Bengal,Purba Medinipur,Panskura,2021-05-12,2021,5,Zaid,89.01,13.76,15.32,14.06,12,19,2,2
Cotton,Fiber,Quintal,West Bengal,Purba Medinipur,Panskura,2021-02-06,2021,2,Rabi,779.64,6018.99,6510.15,6264.24,6,5,1,5
Mustard Oil,Oil,Litre,West Bengal,Hooghly,Arambagh,2025-10-14,2025,10,Rabi,167.33,141.52,153.0,147.26,14,42,4,1
Milk,Dairy,Litre,West Bengal,Nadia,Krishnanagar,2020-02-12,2020,2,Rabi,168.15,38.58,42.43,40.9,12,7,1,2
Cabbage,Vegetable,Kg,West Bengal,Purba Medinipur,Panskura,2022-04-20,2022,4,Zaid,96.92,22.28,24.47,23.2,20,16,2,2
Milk,Dairy,Litre,West Bengal,Hooghly,Arambagh,2022-02-17,2022,2,Rabi,111.25,59.2,67.71,63.69,17,7,1,3
Maize,Grain,Quintal,West Bengal,Nadia,Krishnanagar,2024-05-21,2024,5,Zaid,786.01,2087.36,2226.92,2157.11,21,21,2,1
Cabbage,Vegetable,Kg,West Bengal,Purba Medinipur,Panskura,2021-12-07,2021,12,Rabi,734.06,28.57,32.68,30.3,7,49,4,1
Cabbage,Vegetable,Kg,West Bengal,Purba Medinipur,Panskura,2023-12-08,2023,12,Rabi,468.79,27.9,31.35,29.64,8,49,4,4
Cabbage,Vegetable,Kg,West Bengal,Nadia,Krishnanagar,2025-12-26,2025,12,Rabi,165.86,27.8,31.48,29.82,26,52,4,4
Rice,Grain,Quintal,West Bengal,Purba Medinipur,Panskura,2023-02-03,2023,2,Rabi,533.6,2931.56,3319.44,3125.93,3,5,1,4
Mustard,Oilseed,Quintal,West Bengal,Purba Medinipur,Panskura,2023-02-26,2023,2,Rabi,626.89,6258.85,6813.77,6536.4,26,8,1,6
Mustard,Oilseed,Quintal,West Bengal,Nadia,Krishnanagar,2023-07-19,2023,7,Kharif,497.39,4129.58,4602.33,4366.22,19,29,3,2
Potato,Vegetable,Kg,West Bengal,Purba Medinipur,Panskura,2022-10-12,2022,10,Rabi,91.64,17.58,19.76,18.44,12,41,4,2
Milk,Dairy,Litre,West Bengal,Nadia,Krishnanagar,2023-10-15,2023,10,Rabi,505.3,45.93,52.66,48.85,15,41,4,6
Maize,Grain,Quintal,West Bengal,Nadia,Krishnanagar,2020-07-19,2020,7,Kharif,429.96,1955.33,2127.65,2041.2,19,29,3,6
Tomato,Vegetable,Kg,West Bengal,Nadia,Krishnanagar,2020-01-15,2020,1,Rabi,233.63,44.51,49.13,46.5,15,3,1,2
Brinjal,Vegetable,Kg,West Bengal,Nadia,Krishnanagar,2020-07-14,2020,7,Kharif,596.43,46.9,52.02,49.02,14,29,3,1
Milk,Dairy,Litre,West Bengal,Nadia,Krishnanagar,2025-10-08,2025,10,Rabi,859.4,41.99,45.69,43.41,8,41,4,2
Brinjal,Vegetable,Kg,West Bengal,Nadia,Krishnanagar,2020-10-10,2020,10,Rabi,114.94,33.95,38.68,36.19,10,41,4,5
Banana,Fruit,Dozen,West Bengal,Hooghly,Arambagh,2022-05-03,2022,5,Zaid,256.72,36.48,40.3,37.98,3,18,2,1
Cotton,Fiber,Quintal,West Bengal,Nadia,Krishnanagar,2025-07-13,2025,7,Kharif,405.98,8360.61,9059.85,8710.29,13,28,3,6
Maize,Grain,Quintal,West Bengal,Hooghly,Arambagh,2024-08-08,2024,8,Kharif,720.44,1575.72,1804.16,1690.42,8,32,3,3
Cotton,Fiber,Quintal,West Bengal,Hooghly,Arambagh,2021-10-29,2021,10,Rabi,70.73,8451.8,9316.68,8884.32,29,43,4,4
Milk,Dairy,Litre,West Bengal,Purba Medinipur,Panskura,2025-05-17,2025,5,Zaid,27.27,37.08,42.03,39.26,17,20,2,5
Mustard Oil,Oil,Litre,West Bengal,Hooghly,Arambagh,2022-05-22,2022,5,Zaid,226.44,198.25,218.56,208.62,22,20,2,6
Mustard Oil,Oil,Litre,West Bengal,Nadia,Krishnanagar,2023-07-18,2023,7,Kharif,244.68,149.61,158.46,153.66,18,29,3,1
Wheat,Grain,Quintal,West Bengal,Hooghly,Arambagh,2025-11-18,2025,11,Rabi,78.32,1851.77,1884.5,1868.35,18,47,4,1
Mustard Oil,Oil,Litre,West Bengal,Hooghly,Arambagh,2025-05-05,2025,5,Zaid,168.2,126.14,135.01,130.16,5,19,2,0
Tomato,Vegetable,Kg,West Bengal,Nadia,Krishnanagar,2020-08-17,2020,8,Kharif,745.15,64.11,71.88,68.22,17,34,3,0
Milk,Dairy,Litre,West Bengal,Nadia,Krishnanagar,2025-08-27,2025,8,Kharif,434.69,64.66,74.63,69.93,27,35,3,2
Brinjal,Vegetable,Kg,West Bengal,Purba Medinipur,Panskura,2025-12-12,2025,12,Rabi,71.75,46.27,51.19,48.93,12,50,4,4
Rice,Grain,Quintal,West Bengal,Hooghly,Arambagh,2025-01-21,2025,1,Rabi,837.07,2820.7,3060.15,2940.32,21,4,1,1
Rice,Grain,Quintal,West Bengal,Purba Medinipur,Panskura,2022-09-15,2022,9,Kharif,474.51,2737.05,2853.69,2795.47,15,37,3,3
Tomato,Vegetable,Kg,West Bengal,Nadia,Krishnanagar,2025-01-19,2025,1,Rabi,910.42,22.51,24.74,24.07,19,3,1,6
Potato,Vegetable,Kg,West Bengal,Hooghly,Arambagh,2025-05-29,2025,5,Zaid,815.14,35.62,39.77,37.89,29,22,2,3
Cabbage,Vegetable,Kg,West Bengal,Nadia,Krishnanagar,2021-10-24,2021,10,Rabi,903.7,25.05,29.07,27.46,24,42,4,6
Wheat,Grain,Quintal,West Bengal,Nadia,Krishnanagar,2024-02-08,2024,2,Rabi,833.9,1941.94,2093.19,2017.26,8,6,1,3
Milk,Dairy,Litre,West Bengal,Purba Medinipur,Panskura,2025-11-15,2025,11,Rabi,381.69,47.35,51.55,49.77,15,46,4,5
Rice,Grain,Quintal,West Bengal,Purba Medinipur,Panskura,2023-05-28,2023,5,Zaid,907.48,2047.49,2297.19,2172.58,28,21,2,6
Milk,Dairy,Litre,West Bengal,Hooghly,Arambagh,2023-10-30,2023,10,Rabi,663.8,36.84,39.04,37.94,30,44,4,0
Tomato,Vegetable,Kg,West Bengal,Hooghly,Arambagh,2024-05-14,2024,5,Zaid,586.0,46.96,53.59,50.71,14,20,2,1
Milk,Dairy,Litre,West Bengal,Purba Medinipur,Panskura,2023-12-03,2023,12,Rabi,252.27,37.89,43.09,40.82,3,48,4,6
Mango,Fruit,Kg,West Bengal,Nadia,Krishnanagar,2024-04-29,2024,4,Zaid,558.89,40.01,43.79,41.68,29,18,2,0
Banana,Fruit,Dozen,West Bengal,Nadia,Krishnanagar,2023-03-03,2023,3,Rabi,507.04,33.19,37.18,35.13,3,9,1,4
Mango,Fruit,Kg,West Bengal,Purba Medinipur,Panskura,2022-12-08,2022,12,Rabi,918.71,162.17,183.16,172.58,8,49,4,3
Banana,Fruit,Dozen,West Bengal,Nadia,Krishnanagar,2023-12-16,2023,12,Rabi,863.02,94.72,99.31,96.63,16,50,4,5
Mustard,Oilseed,Quintal,West Bengal,Nadia,Krishnanagar,2020-04-27,2020,4,Zaid,933.87,4110.68,4583.99,4347.78,27,18,2,0
Cotton,Fiber,Quintal,West Bengal,Nadia,Krishnanagar,2025-12-25,2025,12,Rabi,306.09,5214.5,5804.68,5509.3,25,52,4,3
Brinjal,Vegetable,Kg,West Bengal,Nadia,Krishnanagar,2024-01-05,2024,1,Rabi,103.74,33.09,36.51,35.07,5,1,1,4
Cabbage,Vegetable,Kg,West Bengal,Nadia,Krishnanagar,2021-09-24,2021,9,Kharif,375.4,19.33,21.29,20.77,24,38,3,4
Maize,Grain,Quintal,West Bengal,Purba Medinipur,Panskura,2021-08-01,2021,8,Kharif,409.76,1513.55,1608.21,1560.4,1,30,3,6
Mango,Fruit,Kg,West Bengal,Nadia,Krishnanagar,2021-10-24,2021,10,Rabi,908.6,133.38,146.99,139.85,24,42,4,6
Wheat,Grain,Quintal,West Bengal,Purba Medinipur,Panskura,2025-07-25,2025,7,Kharif,455.26,2814.4,2968.96,2891.31,25,30,3,4
Maize,Grain,Quintal,West Bengal,Nadia,Krishnanagar,2020-09-14,2020,9,Kharif,251.53,1548.77,1693.25,1621.27,14,38,3,0
Onion,Vegetable,Kg,West Bengal,Purba Medinipur,Panskura,2021-04-11,2021,4,Zaid,252.04,47.26,51.51,49.75,11,14,2,6
Rice,Grain,Quintal,West Bengal,Hooghly,Arambagh,2024-10-23,2024,10,Rabi,744.49,2397.84,2412.58,2405.22,23,43,4,2
Mango,Fruit,Kg,West Bengal,Nadia,Krishnanagar,2020-07-16,2020,7,Kharif,202.17,54.36,61.07,57.26,16,29,3,3
Tomato,Vegetable,Kg,West Bengal,Hooghly,Arambagh,2021-05-11,2021,5,Zaid,65.3,38.22,40.73,39.78,11,19,2,1
Brinjal,Vegetable,Kg,West Bengal,Nadia,Krishnanagar,2020-06-24,2020,6,Kharif,75.21,26.69,29.29,27.84,24,26,2,2
Cabbage,Vegetable,Kg,West Bengal,Nadia,Krishnanagar,2022-03-11,2022,3,Rabi,943.44,19.92,22.44,21.6,11,10,1,4
Potato,Vegetable,Kg,West Bengal,Hooghly,Arambagh,2021-11-10,2021,11,Rabi,481.02,11.74,13.56,12.22,10,45,4,2
Mustard,Oilseed,Quintal,West Bengal,Nadia,Krishnanagar,2022-12-06,2022,12,Rabi,542.47,6644.24,6820.19,6732.6,6,49,4,1
Mango,Fruit,Kg,West Bengal,Nadia,Krishnanagar,2024-09-26,2024,9,Kharif,870.38,67.02,73.71,70.61,26,39,3,3
Potato,Vegetable,Kg,West Bengal,Nadia,Krishnanagar,2025-04-30,2025,4,Zaid,828.75,21.77,23.48,22.41,30,18,2,2
Mustard,Oilseed,Quintal,West Bengal,Hooghly,Arambagh,2020-10-01,2020,10,Rabi,653.28,6586.77,7218.99,6903.07,1,40,4,3
Maize,Grain,Quintal,West Bengal,Purba Medinipur,Panskura,2024-07-25,2024,7,Kharif,480.57,2393.32,2545.78,2469.84,25,30,3,3
Rice,Grain,Quintal,West Bengal,Hooghly,Arambagh,2021-10-28,2021,10,Rabi,329.67,2813.34,3152.41,2983.08,28,43,4,3
Maize,Grain,Quintal,West Bengal,Purba Medinipur,Panskura,2020-04-01,2020,4,Zaid,914.0,2247.16,2517.07,2381.89,1,14,2,2
Rice,Grain,Quintal,West Bengal,Hooghly,Arambagh,2022-11-18,2022,11,Rabi,545.01,2184.01,2323.78,2254.16,18,46,4,4
Cabbage,Vegetable,Kg,West Bengal,Nadia,Krishnanagar,2025-03-23,2025,3,Rabi,38.38,30.74,34.14,32.54,23,12,1,6
Brinjal,Vegetable,Kg,West Bengal,Purba Medinipur,Panskura,2025-07-15,2025,7,Kharif,115.09,21.59,23.52,22.42,15,29,3,1
Tomato,Vegetable,Kg,West Bengal,Purba Medinipur,Panskura,2020-12-26,2020,12,Rabi,392.91,29.32,32.32,30.65,26,52,4,5
Mustard,Oilseed,Quintal,West Bengal,Purba Medinipur,Panskura,2020-12-31,2020,12,Rabi,806.67,7051.94,7077.86,7064.57,31,53,4,3
Brinjal,Vegetable,Kg,West Bengal,Hooghly,Arambagh,2025-07-05,2025,7,Kharif,167.7,27.92,29.99,29.33,5,27,3,5
Mango,Fruit,Kg,West Bengal,Nadia,Krishnanagar,2020-11-16,2020,11,Rabi,95.83,111.11,125.15,117.98,16,47,4,0
Wheat,Grain,Quintal,West Bengal,Nadia,Krishnanagar,2021-09-30,2021,9,Kharif,575.26,2355.96,2471.97,2414.2,30,39,3,3
Milk,Dairy,Litre,West Bengal,Hooghly,Arambagh,2020-03-17,2020,3,Rabi,158.82,37.92,42.43,40.47,17,12,1,1
Milk,Dairy,Litre,West Bengal,Hooghly,Arambagh,2025-05-17,2025,5,Zaid,923.64,61.25,65.83,63.31,17,20,2,5
Milk,Dairy,Litre,West Bengal,Nadia,Krishnanagar,2023-07-24,2023,7,Kharif,651.95,44.17,50.28,47.39,24,30,3,0
Brinjal,Vegetable,Kg,West Bengal,Hooghly,Arambagh,2020-12-06,2020,12,Rabi,254.77,42.5,44.14,42.97,6,49,4,6
Rice,Grain,Quintal,West Bengal,Nadia,Krishnanagar,2023-05-24,2023,5,Zaid,243.18,2153.98,2427.18,2290.49,24,21,2,2
Onion,Vegetable,Kg,West Bengal,Nadia,Krishnanagar,2020-03-01,2020,3,Rabi,206.73,27.34,29.63,28.44,1,9,1,6
Tomato,Vegetable,Kg,West Bengal,Nadia,Krishnanagar,2021-10-30,2021,10,Rabi,99.82,43.4,46.38,44.9,30,43,4,5
Maize,Grain,Quintal,West Bengal,Nadia,Krishnanagar,2025-08-13,2025,8,Kharif,829.65,2170.87,2456.23,2313.42,13,33,3,2
Mango,Fruit,Kg,West Bengal,Purba Medinipur,Panskura,2025-09-14,2025,9,Kharif,871.8,122.19,128.26,124.99,14,37,3,6
Tomato,Vegetable,Kg,West Bengal,Hooghly,Arambagh,2021-10-08,2021,10,Rabi,143.79,43.53,48.15,45.52,8,40,4,4
Maize,Grain,Quintal,West Bengal,Nadia,Krishnanagar,2021-11-15,2021,11,Rabi,341.7,1936.92,1996.63,1966.34,15,46,4,0
Mustard,Oilseed,Quintal,West Bengal,Hooghly,Arambagh,2020-02-12,2020,2,Rabi,290.06,4505.0,4755.72,4630.3,12,7,1,2
Cotton,Fiber,Quintal,West Bengal,Purba Medinipur,Panskura,2025-08-07,2025,8,Kharif,271.5,7479.72,8194.88,7836.94,7,32,3,3
Potato,Vegetable,Kg,West Bengal,Hooghly,Arambagh,2023-01-26,2023,1,Rabi,322.14,20.77,22.15,21.28,26,4,1,3
Brinjal,Vegetable,Kg,West Bengal,Hooghly,Arambagh,2025-02-14,2025,2,Rabi,181.75,23.59,25.3,24.12,14,7,1,4
Wheat,Grain,Quintal,West Bengal,Nadia,Krishnanagar,2025-07-01,2025,7,Kharif,564.19,2206.19,2350.41,2278.38,1,27,3,1
Mustard,Oilseed,Quintal,West Bengal,Purba Medinipur,Panskura,2023-11-30,2023,11,Rabi,818.1,4225.07,4444.07,4334.9,30,48,4,3
Milk,Dairy,Litre,West Bengal,Nadia,Krishnanagar,2025-03-01,2025,3,Rabi,497.97,33.28,35.81,34.39,1,9,1,5
Tomato,Vegetable,Kg,West Bengal,Hooghly,Arambagh,2024-07-06,2024,7,Kharif,909.05,35.56,38.66,37.28,6,27,3,5
Potato,Vegetable,Kg,West Bengal,Hooghly,Arambagh,2024-02-22,2024,2,Rabi,334.19,24.37,27.36,25.38,22,8,1,3
Maize,Grain,Quintal,West Bengal,Purba Medinipur,Panskura,2020-07-18,2020,7,Kharif,506.97,2198.27,2494.9,2346.35,18,29,3,5
Mango,Fruit,Kg,West Bengal,Hooghly,Arambagh,2024-04-07,2024,4,Zaid,765.99,94.12,101.55,97.95,7,14,2,6
Rice,Grain,Quintal,West Bengal,Purba Medinipur,Panskura,2022-06-29,2022,6,Kharif,278.5,2006.16,2180.81,2093.05,29,26,2,2
Mustard,Oilseed,Quintal,West Bengal,Nadia,Krishnanagar,2022-05-03,2022,5,Zaid,706.9,5339.24,5514.71,5427.25,3,18,2,1
Tomato,Vegetable,Kg,West Bengal,Hooghly,Arambagh,2023-05-15,2023,5,Zaid,252.2,19.31,21.52,19.94,15,20,2,0
Mustard,Oilseed,Quintal,West Bengal,Nadia,Krishnanagar,2025-05-10,2025,5,Zaid,378.96,5596.2,5724.02,5660.43,10,19,2,5
Cotton,Fiber,Quintal,West Bengal,Nadia,Krishnanagar,2020-11-19,2020,11,Rabi,585.94,6448.5,6831.51,6639.99,19,47,4,3
Wheat,Grain,Quintal,West Bengal,Hooghly,Arambagh,2021-02-28,2021,2,Rabi,371.55,2091.38,2342.74,2216.89,28,8,1,6
Cotton,Fiber,Quintal,West Bengal,Hooghly,Arambagh,2022-11-29,2022,11,Rabi,873.72,8293.99,8814.03,8553.78,29,48,4,1
Mustard,Oilseed,Quintal,West Bengal,Hooghly,Arambagh,2025-03-05,2025,3,Rabi,619.86,5859.0,5896.77,5877.89,5,10,1,2
Mango,Fruit,Kg,West Bengal,Hooghly,Arambagh,2021-11-29,2021,11,Rabi,661.65,161.12,174.22,167.73,29,48,4,0
Potato,Vegetable,Kg,West Bengal,Hooghly,Arambagh,2020-12-13,2020,12,Rabi,854.54,35.12,38.36,37.15,13,50,4,6
Cotton,Fiber,Quintal,West Bengal,Purba Medinipur,Panskura,2023-03-28,2023,3,Rabi,946.28,7650.91,8337.99,7994.49,28,13,1,1
Cotton,Fiber,Quintal,West Bengal,Nadia,Krishnanagar,2021-06-26,2021,6,Kharif,461.76,6607.44,7513.12,7060.76,26,25,2,5
Tomato,Vegetable,Kg,West Bengal,Hooghly,Arambagh,2025-01-26,2025,1,Rabi,313.05,52.51,55.9,54.37,26,4,1,6
Wheat,Grain,Quintal,West Bengal,Hooghly,Arambagh,2025-07-05,2025,7,Kharif,692.58,2534.92,2735.59,2635.37,5,27,3,5
Mango,Fruit,Kg,West Bengal,Hooghly,Arambagh,2023-05-02,2023,5,Zaid,332.33,145.15,152.58,148.41,2,18,2,1
Wheat,Grain,Quintal,West Bengal,Nadia,Krishnanagar,2025-09-17,2025,9,Kharif,80.59,2054.13,2181.72,2118.07,17,38,3,2
Cabbage,Vegetable,Kg,West Bengal,Hooghly,Arambagh,2021-12-02,2021,12,Rabi,308.22,20.87,22.46,21.33,2,48,4,3
Rice,Grain,Quintal,West Bengal,Nadia,Krishnanagar,2021-08-18,2021,8,Kharif,479.59,2341.07,2461.61,2400.96,18,33,3,2
Maize,Grain,Quintal,West Bengal,Nadia,Krishnanagar,2025-10-01,2025,10,Rabi,300.04,1488.67,1658.02,1572.99,1,40,4,2
Tomato,Vegetable,Kg,West Bengal,Nadia,Krishnanagar,2023-12-04,2023,12,Rabi,215.9,28.17,30.0,28.6,4,49,4,0
Tomato,Vegetable,Kg,West Bengal,Nadia,Krishnanagar,2024-10-20,2024,10,Rabi,649.33,7.45,8.6,8.1,20,42,4,6
Mustard,Oilseed,Quintal,West Bengal,Nadia,Krishnanagar,2021-10-16,2021,10,Rabi,290.15,6721.11,7648.8,7185.32,16,41,4,5
Potato,Vegetable,Kg,West Bengal,Hooghly,Arambagh,2023-09-19,2023,9,Kharif,711.88,29.74,33.26,31.72,19,38,3,1
Mustard Oil,Oil,Litre,West Bengal,Nadia,Krishnanagar,2022-04-11,2022,4,Zaid,761.1,166.52,180.58,173.96,11,15,2,0
Maize,Grain,Quintal,West Bengal,Hooghly,Arambagh,2022-01-23,2022,1,Rabi,292.17,1747.46,1844.04,1795.74,23,3,1,6
Banana,Fruit,Dozen,West Bengal,Purba Medinipur,Panskura,2023-10-30,2023,10,Rabi,712.76,92.58,104.06,98.75,30,44,4,0
Mustard,Oilseed,Quintal,West Bengal,Hooghly,Arambagh,2022-07-07,2022,7,Kharif,829.51,4760.49,5478.66,5119.67,7,27,3,3
Maize,Grain,Quintal,West Bengal,Nadia,Krishnanagar,2022-01-17,2022,1,Rabi,487.4,1999.31,2118.76,2058.63,17,3,1,0
Cotton,Fiber,Quintal,West Bengal,Hooghly,Arambagh,2024-05-19,2024,5,Zaid,667.03,8795.62,9492.3,9144.13,19,20,2,6
Maize,Grain,Quintal,West Bengal,Purba Medinipur,Panskura,2023-04-17,2023,4,Zaid,140.16,1574.6,1736.97,1655.31,17,16,2,0
Maize,Grain,Quintal,West Bengal,Purba Medinipur,Panskura,2020-07-01,2020,7,Kharif,907.49,1575.71,1789.81,1682.75,1,27,3,2
Maize,Grain,Quintal,West Bengal,Nadia,Krishnanagar,2022-05-15,2022,5,Zaid,771.52,1909.68,2121.99,2015.37,15,19,2,6
Milk,Dairy,Litre,West Bengal,Hooghly,Arambagh,2020-06-20,2020,6,Kharif,286.26,55.19,60.51,58.24,20,25,2,5
Banana,Fruit,Dozen,West Bengal,Hooghly,Arambagh,2025-11-24,2025,11,Rabi,300.23,85.98,95.36,90.22,24,48,4,0
Rice,Grain,Quintal,West Bengal,Purba Medinipur,Panskura,2025-12-19,2025,12,Rabi,615.01,2079.21,2140.07,2109.38,19,51,4,4
Milk,Dairy,Litre,West Bengal,Purba Medinipur,Panskura,2024-02-08,2024,2,Rabi,604.18,48.66,51.68,50.52,8,6,1,3
Cabbage,Vegetable,Kg,West Bengal,Purba Medinipur,Panskura,2021-01-06,2021,1,Rabi,798.98,33.28,35.44,34.77,6,1,1,2
Tomato,Vegetable,Kg,West Bengal,Nadia,Krishnanagar,2023-01-13,2023,1,Rabi,949.71,17.17,19.24,18.45,13,2,1,4
Banana,Fruit,Dozen,West Bengal,Nadia,Krishnanagar,2021-12-23,2021,12,Rabi,641.02,88.29,100.29,93.94,23,51,4,3
Brinjal,Vegetable,Kg,West Bengal,Hooghly,Arambagh,2022-11-17,2022,11,Rabi,613.35,19.38,21.07,20.65,17,46,4,3
Cotton,Fiber,Quintal,West Bengal,Hooghly,Arambagh,2025-10-12,2025,10,Rabi,435.9,7080.08,7516.75,7298.4,12,41,4,6
Onion,Vegetable,Kg,West Bengal,Hooghly,Arambagh,2022-01-29,2022,1,Rabi,394.55,25.75,29.66,27.35,29,4,1,5
Wheat,Grain,Quintal,West Bengal,Hooghly,Arambagh,2024-07-23,2024,7,Kharif,83.65,2247.4,2423.7,2335.13,23,30,3,1
Rice,Grain,Quintal,West Bengal,Hooghly,Arambagh,2021-09-19,2021,9,Kharif,88.2,1908.94,1940.48,1925.15,19,37,3,6
Mango,Fruit,Kg,West Bengal,Hooghly,Arambagh,2023-07-06,2023,7,Kharif,668.34,115.85,122.02,118.82,6,27,3,3
Milk,Dairy,Litre,West Bengal,Hooghly,Arambagh,2021-01-20,2021,1,Rabi,802.08,29.85,33.71,31.39,20,3,1,2
Brinjal,Vegetable,Kg,West Bengal,Hooghly,Arambagh,2024-01-01,2024,1,Rabi,662.34,38.44,41.34,40.25,1,1,1,0
Brinjal,Vegetable,Kg,West Bengal,Nadia,Krishnanagar,2021-11-04,2021,11,Rabi,344.75,23.82,26.44,25.17,4,44,4,3
Mustard Oil,Oil,Litre,West Bengal,Hooghly,Arambagh,2022-11-13,2022,11,Rabi,340.89,137.21,143.34,140.29,13,45,4,6
Potato,Vegetable,Kg,West Bengal,Purba Medinipur,Panskura,2021-04-22,2021,4,Zaid,117.95,32.1,36.87,34.65,22,16,2,3
Cabbage,Vegetable,Kg,West Bengal,Purba Medinipur,Panskura,2022-06-07,2022,6,Kharif,188.11,16.11,18.28,17.63,7,23,2,1
Rice,Grain,Quintal,West Bengal,Nadia,Krishnanagar,2023-03-31,2023,3,Rabi,784.83,2241.39,2495.02,2368.21,31,13,1,4
Banana,Fruit,Dozen,West Bengal,Purba Medinipur,Panskura,2023-03-07,2023,3,Rabi,150.1,51.73,57.96,55.32,7,10,1,1
Mustard,Oilseed,Quintal,West Bengal,Hooghly,Arambagh,2022-09-11,2022,9,Kharif,113.03,4610.51,4936.85,4773.27,11,36,3,6
Maize,Grain,Quintal,West Bengal,Nadia,Krishnanagar,2022-10-18,2022,10,Rabi,553.39,2107.89,2206.98,2157.51,18,42,4,1
Cotton,Fiber,Quintal,West Bengal,Nadia,Krishnanagar,2025-03-14,2025,3,Rabi,76.06,5521.61,5734.23,5628.0,14,11,1,4
Brinjal,Vegetable,Kg,West Bengal,Nadia,Krishnanagar,2020-02-28,2020,2,Rabi,777.62,23.87,26.44,25.49,28,9,1,4
Onion,Vegetable,Kg,West Bengal,Nadia,Krishnanagar,2022-03-15,2022,3,Rabi,865.16,53.42,59.8,56.89,15,11,1,1
Mustard Oil,Oil,Litre,West Bengal,Purba Medinipur,Panskura,2023-01-25,2023,1,Rabi,449.01,122.26,133.93,127.83,25,4,1,2
Mustard Oil,Oil,Litre,West Bengal,Hooghly,Arambagh,2021-02-01,2021,2,Rabi,809.08,182.57,212.33,197.12,1,5,1,0
Maize,Grain,Quintal,West Bengal,Hooghly,Arambagh,2022-08-09,2022,8,Kharif,299.48,1644.1,1773.4,1708.36,9,32,3,1
Cabbage,Vegetable,Kg,West Bengal,Purba Medinipur,Panskura,2022-10-04,2022,10,Rabi,769.53,25.83,28.3,26.86,4,40,4,1
Potato,Vegetable,Kg,West Bengal,Hooghly,Arambagh,2021-11-18,2021,11,Rabi,251.92,22.06,25.0,23.06,18,46,4,3
Maize,Grain,Quintal,West Bengal,Purba Medinipur,Panskura,2022-03-31,2022,3,Rabi,259.63,1882.01,2106.33,1994.16,31,13,1,3
Wheat,Grain,Quintal,West Bengal,Purba Medinipur,Panskura,2020-11-13,2020,11,Rabi,20.11,2319.35,2552.26,2435.39,13,46,4,4
Maize,Grain,Quintal,West Bengal,Nadia,Krishnanagar,2024-01-10,2024,1,Rabi,553.36,2183.58,2284.84,2233.97,10,2,1,2
Cabbage,Vegetable,Kg,West Bengal,Hooghly,Arambagh,2021-03-19,2021,3,Rabi,771.9,31.31,34.86,32.84,19,11,1,4
Mustard,Oilseed,Quintal,West Bengal,Nadia,Krishnanagar,2024-08-07,2024,8,Kharif,890.54,6665.38,7049.78,6857.41,7,32,3,2
Onion,Vegetable,Kg,West Bengal,Purba Medinipur,Panskura,2024-03-26,2024,3,Rabi,69.36,46.74,49.41,48.09,26,13,1,1
Milk,Dairy,Litre,West Bengal,Nadia,Krishnanagar,2022-09-20,2022,9,Kharif,507.51,42.32,48.04,45.68,20,38,3,1
Rice,Grain,Quintal,West Bengal,Purba Medinipur,Panskura,2020-02-07,2020,2,Rabi,657.54,2190.22,2401.78,2296.26,7,6,1,4
Wheat,Grain,Quintal,West Bengal,Nadia,Krishnanagar,2023-11-26,2023,11,Rabi,309.17,2540.81,2735.56,2637.77,26,47,4,6
Mustard,Oilseed,Quintal,West Bengal,Hooghly,Arambagh,2023-03-30,2023,3,Rabi,890.34,5973.82,6518.53,6246.59,30,13,1,3
Mango,Fruit,Kg,West Bengal,Purba Medinipur,Panskura,2020-10-21,2020,10,Rabi,111.21,144.35,150.88,147.74,21,43,4,2
Potato,Vegetable,Kg,West Bengal,Purba Medinipur,Panskura,2025-06-13,2025,6,Kharif,22.19,13.46,15.14,14.8,13,24,2,4
Cabbage,Vegetable,Kg,West Bengal,Purba Medinipur,Panskura,2024-09-16,2024,9,Kharif,560.95,14.22,15.96,14.86,16,38,3,0
Potato,Vegetable,Kg,West Bengal,Nadia,Krishnanagar,2023-05-23,2023,5,Zaid,665.52,17.04,19.13,18.39,23,21,2,1
Maize,Grain,Quintal,West Bengal,Hooghly,Arambagh,2021-11-11,2021,11,Rabi,469.37,1712.12,1864.74,1788.69,11,45,4,3
Milk,Dairy,Litre,West Bengal,Hooghly,Arambagh,2021-04-01,2021,4,Zaid,51.19,61.06,64.91,63.26,1,13,2,3
Brinjal,Vegetable,Kg,West Bengal,Nadia,Krishnanagar,2025-11-24,2025,11,Rabi,342.14,20.26,22.75,21.58,24,48,4,0
Onion,Vegetable,Kg,West Bengal,Purba Medinipur,Panskura,2021-03-01,2021,3,Rabi,942.42,56.74,61.42,58.62,1,9,1,0
Rice,Grain,Quintal,West Bengal,Purba Medinipur,Panskura,2025-08-03,2025,8,Kharif,179.29,2067.25,2351.75,2209.21,3,31,3,6
Cotton,Fiber,Quintal,West Bengal,Hooghly,Arambagh,2025-05-19,2025,5,Zaid,766.05,6159.35,6648.27,6403.56,19,21,2,0
Maize,Grain,Quintal,West Bengal,Purba Medinipur,Panskura,2023-08-01,2023,8,Kharif,687.7,1877.7,1956.47,1916.94,1,31,3,1
Mango,Fruit,Kg,West Bengal,Hooghly,Arambagh,2020-07-28,2020,7,Kharif,162.96,128.74,141.31,135.25,28,31,3,1
Mustard,Oilseed,Quintal,West Bengal,Purba Medinipur,Panskura,2020-06-01,2020,6,Kharif,883.49,4161.56,4534.41,4348.2,1,23,2,0
Wheat,Grain,Quintal,West Bengal,Purba Medinipur,Panskura,2020-06-11,2020,6,Kharif,925.03,2684.04,2898.51,2791.65,11,24,2,3
Tomato,Vegetable,Kg,West Bengal,Purba Medinipur,Panskura,2025-04-13,2025,4,Zaid,598.18,8.86,10.22,9.71,13,15,2,6
Mustard,Oilseed,Quintal,West Bengal,Hooghly,Arambagh,2021-02-02,2021,2,Rabi,930.27,5153.7,5909.82,5531.95,2,5,1,1
Banana,Fruit,Dozen,West Bengal,Hooghly,Arambagh,2024-12-23,2024,12,Rabi,480.81,43.86,48.13,45.68,23,52,4,0
Tomato,Vegetable,Kg,West Bengal,Nadia,Krishnanagar,2024-01-12,2024,1,Rabi,867.41,17.83,20.46,19.28,12,2,1,4
Mango,Fruit,Kg,West Bengal,Nadia,Krishnanagar,2022-05-25,2022,5,Zaid,629.9,122.99,131.86,127.82,25,21,2,2
Cotton,Fiber,Quintal,West Bengal,Purba Medinipur,Panskura,2025-08-23,2025,8,Kharif,817.57,4659.33,5112.3,4885.63,23,34,3,5
Tomato,Vegetable,Kg,West Bengal,Hooghly,Arambagh,2021-06-29,2021,6,Kharif,107.99,21.16,23.39,22.6,29,26,2,1
Cotton,Fiber,Quintal,West Bengal,Nadia,Krishnanagar,2020-05-17,2020,5,Zaid,575.51,5679.14,6159.89,5919.87,17,20,2,6
Potato,Vegetable,Kg,West Bengal,Purba Medinipur,Panskura,2025-08-18,2025,8,Kharif,796.23,29.24,31.84,30.22,18,34,3,0
Brinjal,Vegetable,Kg,West Bengal,Purba Medinipur,Panskura,2022-10-05,2022,10,Rabi,517.1,45.06,51.83,48.53,5,40,4,2
Wheat,Grain,Quintal,West Bengal,Nadia,Krishnanagar,2020-06-20,2020,6,Kharif,670.96,2642.33,2774.76,2708.68,20,25,2,5
Brinjal,Vegetable,Kg,West Bengal,Hooghly,Arambagh,2022-09-17,2022,9,Kharif,157.7,30.69,34.23,32.78,17,37,3,5
Wheat,Grain,Quintal,West Bengal,Nadia,Krishnanagar,2023-06-10,2023,6,Kharif,263.77,2426.12,2658.6,2542.66,10,23,2,5
Cabbage,Vegetable,Kg,West Bengal,Hooghly,Arambagh,2024-12-04,2024,12,Rabi,209.27,18.27,20.11,19.46,4,49,4,2
Tomato,Vegetable,Kg,West Bengal,Purba Medinipur,Panskura,2023-02-19,2023,2,Rabi,112.39,28.02,31.07,29.5,19,7,1,6
Cabbage,Vegetable,Kg,West Bengal,Purba Medinipur,Panskura,2024-07-26,2024,7,Kharif,347.98,19.06,20.9,20.12,26,30,3,4
Potato,Vegetable,Kg,West Bengal,Purba Medinipur,Panskura,2025-06-01,2025,6,Kharif,584.44,17.51,20.14,19.26,1,22,2,6
Maize,Grain,Quintal,West Bengal,Hooghly,Arambagh,2024-08-05,2024,8,Kharif,496.35,2452.34,2584.92,2518.28,5,32,3,0
Banana,Fruit,Dozen,West Bengal,Nadia,Krishnanagar,2024-01-21,2024,1,Rabi,910.35,24.69,27.24,25.6,21,3,1,6
Cotton,Fiber,Quintal,West Bengal,Nadia,Krishnanagar,2025-03-24,2025,3,Rabi,225.81,5088.39,5419.11,5253.72,24,13,1,0
Tomato,Vegetable,Kg,West Bengal,Nadia,Krishnanagar,2021-01-15,2021,1,Rabi,70.19,36.83,40.99,38.56,15,2,1,4
Cotton,Fiber,Quintal,West Bengal,Hooghly,Arambagh,2024-10-11,2024,10,Rabi,248.71,5861.53,6417.98,6139.57,11,41,4,4
Mango,Fruit,Kg,West Bengal,Hooghly,Arambagh,2020-12-25,2020,12,Rabi,740.58,77.71,79.06,78.71,25,52,4,4
Mustard Oil,Oil,Litre,West Bengal,Hooghly,Arambagh,2023-06-27,2023,6,Kharif,598.6,112.49,120.65,116.18,27,26,2,1
Mustard Oil,Oil,Litre,West Bengal,Purba Medinipur,Panskura,2023-03-28,2023,3,Rabi,587.5,163.33,176.75,170.45,28,13,1,1
Brinjal,Vegetable,Kg,West Bengal,Nadia,Krishnanagar,2020-06-15,2020,6,Kharif,622.63,26.55,28.5,27.36,15,25,2,0
Cabbage,Vegetable,Kg,West Bengal,Hooghly,Arambagh,2025-02-12,2025,2,Rabi,908.84,20.14,22.18,20.97,12,7,1,2
Banana,Fruit,Dozen,West Bengal,Hooghly,Arambagh,2023-05-05,2023,5,Zaid,119.77,46.4,50.33,48.2,5,18,2,4
Maize,Grain,Quintal,West Bengal,Purba Medinipur,Panskura,2022-10-12,2022,10,Rabi,530.89,1964.99,2051.91,2008.58,12,41,4,2
Onion,Vegetable,Kg,West Bengal,Hooghly,Arambagh,2024-01-04,2024,1,Rabi,805.9,45.67,51.58,48.89,4,1,1,3
Wheat,Grain,Quintal,West Bengal,Hooghly,Arambagh,2021-02-04,2021,2,Rabi,321.0,1728.51,1887.72,1807.74,4,5,1,3
Mustard Oil,Oil,Litre,West Bengal,Nadia,Krishnanagar,2024-04-18,2024,4,Zaid,913.18,159.47,173.86,166.74,18,16,2,3
Rice,Grain,Quintal,West Bengal,Purba Medinipur,Panskura,2023-02-14,2023,2,Rabi,27.92,2908.72,3307.17,3107.89,14,7,1,1
Banana,Fruit,Dozen,West Bengal,Hooghly,Arambagh,2025-03-30,2025,3,Rabi,86.3,30.34,34.52,32.92,30,13,1,6
Mustard Oil,Oil,Litre,West Bengal,Purba Medinipur,Panskura,2024-11-16,2024,11,Rabi,321.55,134.42,146.91,140.5,16,46,4,5
Onion,Vegetable,Kg,West Bengal,Nadia,Krishnanagar,2020-07-14,2020,7,Kharif,96.99,41.51,45.07,42.99,14,29,3,1
Maize,Grain,Quintal,West Bengal,Purba Medinipur,Panskura,2021-01-12,2021,1,Rabi,536.14,1722.49,1770.36,1746.12,12,2,1,1
Cotton,Fiber,Quintal,West Bengal,Nadia,Krishnanagar,2024-05-18,2024,5,Zaid,789.28,6008.37,6665.6,6336.88,18,20,2,5
Mango,Fruit,Kg,West Bengal,Purba Medinipur,Panskura,2020-10-10,2020,10,Rabi,132.74,157.09,174.45,165.38,10,41,4,5
Cotton,Fiber,Quintal,West Bengal,Nadia,Krishnanagar,2025-01-14,2025,1,Rabi,228.9,6301.59,6761.34,6531.44,14,3,1,1
Mango,Fruit,Kg,West Bengal,Hooghly,Arambagh,2020-05-09,2020,5,Zaid,288.36,118.33,130.39,124.09,9,19,2,5
Maize,Grain,Quintal,West Bengal,Nadia,Krishnanagar,2025-10-07,2025,10,Rabi,890.49,1877.53,2146.88,2012.67,7,41,4,1
Banana,Fruit,Dozen,West Bengal,Purba Medinipur,Panskura,2022-10-05,2022,10,Rabi,669.09,27.89,31.32,29.12,5,40,4,2
Wheat,Grain,Quintal,West Bengal,Nadia,Krishnanagar,2024-07-26,2024,7,Kharif,125.66,2324.51,2551.44,2437.88,26,30,3,4
Mustard Oil,Oil,Litre,West Bengal,Nadia,Krishnanagar,2025-11-23,2025,11,Rabi,67.93,145.31,162.72,153.91,23,47,4,6
Banana,Fruit,Dozen,West Bengal,Hooghly,Arambagh,2025-10-17,2025,10,Rabi,504.67,59.39,65.48,62.49,17,42,4,4
Cotton,Fiber,Quintal,West Bengal,Nadia,Krishnanagar,2025-06-28,2025,6,Kharif,644.01,7459.2,8313.61,7885.96,28,26,2,5
Mustard,Oilseed,Quintal,West Bengal,Nadia,Krishnanagar,2022-07-01,2022,7,Kharif,207.19,6978.61,7556.7,7267.76,1,26,3,4
Brinjal,Vegetable,Kg,West Bengal,Nadia,Krishnanagar,2021-12-10,2021,12,Rabi,284.66,20.83,22.81,21.45,10,49,4,4
Maize,Grain,Quintal,West Bengal,Hooghly,Arambagh,2023-10-25,2023,10,Rabi,645.59,2323.4,2634.28,2479.1,25,43,4,2
Banana,Fruit,Dozen,West Bengal,Hooghly,Arambagh,2020-02-06,2020,2,Rabi,566.76,77.13,80.36,79.22,6,6,1,3
Mustard Oil,Oil,Litre,West Bengal,Purba Medinipur,Panskura,2020-09-19,2020,9,Kharif,425.68,145.35,158.84,151.83,19,38,3,5
Rice,Grain,Quintal,West Bengal,Purba Medinipur,Panskura,2023-04-19,2023,4,Zaid,599.45,1803.8,1993.89,1898.68,19,16,2,2
Mustard,Oilseed,Quintal,West Bengal,Purba Medinipur,Panskura,2021-05-10,2021,5,Zaid,564.82,6412.11,6812.6,6612.06,10,19,2,0
Brinjal,Vegetable,Kg,West Bengal,Hooghly,Arambagh,2025-05-05,2025,5,Zaid,170.54,40.97,43.71,42.84,5,19,2,0
Banana,Fruit,Dozen,West Bengal,Hooghly,Arambagh,2025-06-28,2025,6,Kharif,751.8,111.87,119.99,115.76,28,26,2,5
Wheat,Grain,Quintal,West Bengal,Nadia,Krishnanagar,2021-10-23,2021,10,Rabi,222.09,1745.75,1795.15,1770.24,23,42,4,5
Maize,Grain,Quintal,West Bengal,Nadia,Krishnanagar,2024-07-26,2024,7,Kharif,392.53,2205.79,2413.79,2310.01,26,30,3,4
Onion,Vegetable,Kg,West Bengal,Hooghly,Arambagh,2024-03-29,2024,3,Rabi,352.68,23.36,25.6,24.03,29,13,1,4
Cabbage,Vegetable,Kg,West Bengal,Purba Medinipur,Panskura,2020-02-24,2020,2,Rabi,881.88,32.28,36.38,34.34,24,9,1,0
Potato,Vegetable,Kg,West Bengal,Hooghly,Arambagh,2023-12-03,2023,12,Rabi,654.62,15.46,17.62,16.65,3,48,4,6
Wheat,Grain,Quintal,West Bengal,Purba Medinipur,Panskura,2021-03-28,2021,3,Rabi,813.97,2818.0,2837.87,2827.77,28,12,1,6
Cabbage,Vegetable,Kg,West Bengal,Nadia,Krishnanagar,2025-12-27,2025,12,Rabi,20.38,18.74,20.74,19.33,27,52,4,5
Maize,Grain,Quintal,West Bengal,Hooghly,Arambagh,2023-08-30,2023,8,Kharif,612.83,1522.82,1659.27,1591.06,30,35,3,2
Maize,Grain,Quintal,West Bengal,Purba Medinipur,Panskura,2025-06-13,2025,6,Kharif,380.54,1995.95,2160.29,2078.57,13,24,2,4
Cotton,Fiber,Quintal,West Bengal,Nadia,Krishnanagar,2021-10-28,2021,10,Rabi,361.52,5039.47,5265.16,5152.41,28,43,4,3
Mango,Fruit,Kg,West Bengal,Purba Medinipur,Panskura,2024-10-17,2024,10,Rabi,832.83,74.67,84.12,78.95,17,42,4,3
Cabbage,Vegetable,Kg,West Bengal,Nadia,Krishnanagar,2020-08-28,2020,8,Kharif,441.33,23.0,25.38,23.77,28,35,3,4
Onion,Vegetable,Kg,West Bengal,Hooghly,Arambagh,2021-09-09,2021,9,Kharif,498.82,37.4,40.17,38.59,9,36,3,3
Banana,Fruit,Dozen,West Bengal,Purba Medinipur,Panskura,2021-12-23,2021,12,Rabi,125.37,26.71,29.2,28.14,23,51,4,3
Wheat,Grain,Quintal,West Bengal,Hooghly,Arambagh,2025-09-20,2025,9,Kharif,492.68,2345.87,2668.55,2506.81,20,38,3,5
Rice,Grain,Quintal,West Bengal,Purba Medinipur,Panskura,2023-05-20,2023,5,Zaid,599.67,1813.96,1902.98,1858.42,20,20,2,5
Onion,Vegetable,Kg,West Bengal,Hooghly,Arambagh,2022-08-16,2022,8,Kharif,251.77,15.83,17.34,17.02,16,33,3,1
Mango,Fruit,Kg,West Bengal,Hooghly,Arambagh,2022-10-25,2022,10,Rabi,348.65,93.05,99.71,96.77,25,43,4,1
Maize,Grain,Quintal,West Bengal,Hooghly,Arambagh,2020-02-01,2020,2,Rabi,345.91,1758.36,1964.68,1861.06,1,5,1,5
Cabbage,Vegetable,Kg,West Bengal,Hooghly,Arambagh,2022-03-03,2022,3,Rabi,578.79,18.06,20.36,19.12,3,9,1,3
Onion,Vegetable,Kg,West Bengal,Purba Medinipur,Panskura,2025-06-29,2025,6,Kharif,43.68,12.9,14.35,14.02,29,26,2,6
Onion,Vegetable,Kg,West Bengal,Nadia,Krishnanagar,2020-02-04,2020,2,Rabi,929.27,44.35,47.75,46.43,4,6,1,1
Cotton,Fiber,Quintal,West Bengal,Hooghly,Arambagh,2021-05-08,2021,5,Zaid,944.54,5240.22,5765.17,5502.43,8,18,2,5
Brinjal,Vegetable,Kg,West Bengal,Hooghly,Arambagh,2022-12-20,2022,12,Rabi,571.46,27.51,30.32,28.52,20,51,4,1
Mango,Fruit,Kg,West Bengal,Purba Medinipur,Panskura,2024-11-24,2024,11,Rabi,688.85,77.36,79.68,78.71,24,47,4,6
Wheat,Grain,Quintal,West Bengal,Purba Medinipur,Panskura,2022-07-22,2022,7,Kharif,366.79,2618.38,2737.63,2677.52,22,29,3,4
Onion,Vegetable,Kg,West Bengal,Nadia,Krishnanagar,2025-04-02,2025,4,Zaid,604.59,28.72,31.84,30.26,2,14,2,2
Maize,Grain,Quintal,West Bengal,Nadia,Krishnanagar,2025-09-18,2025,9,Kharif,219.48,2172.81,2288.23,2230.51,18,38,3,3
Potato,Vegetable,Kg,West Bengal,Nadia,Krishnanagar,2020-03-18,2020,3,Rabi,578.71,32.41,35.59,33.57,18,12,1,2
Tomato,Vegetable,Kg,West Bengal,Purba Medinipur,Panskura,2022-10-13,2022,10,Rabi,833.4,22.84,25.48,24.66,13,41,4,3
Potato,Vegetable,Kg,West Bengal,Nadia,Krishnanagar,2022-03-30,2022,3,Rabi,595.33,39.21,42.42,41.0,30,13,1,2
Cabbage,Vegetable,Kg,West Bengal,Purba Medinipur,Panskura,2021-04-12,2021,4,Zaid,321.39,20.67,23.69,22.29,12,15,2,0
Potato,Vegetable,Kg,West Bengal,Purba Medinipur,Panskura,2021-09-18,2021,9,Kharif,480.43,24.65,26.47,25.78,18,37,3,5
Mustard,Oilseed,Quintal,West Bengal,Nadia,Krishnanagar,2023-03-01,2023,3,Rabi,272.76,6556.17,7104.8,6830.43,1,9,1,2
Rice,Grain,Quintal,West Bengal,Nadia,Krishnanagar,2020-12-27,2020,12,Rabi,120.91,2683.74,2741.58,2712.94,27,52,4,6
Wheat,Grain,Quintal,West Bengal,Purba Medinipur,Panskura,2021-01-31,2021,1,Rabi,937.05,2138.98,2365.56,2252.34,31,4,1,6
Brinjal,Vegetable,Kg,West Bengal,Hooghly,Arambagh,2022-01-07,2022,1,Rabi,259.09,34.7,39.14,37.36,7,1,1,4
Potato,Vegetable,Kg,West Bengal,Nadia,Krishnanagar,2024-09-30,2024,9,Kharif,31.27,13.42,15.03,14.32,30,40,3,0
Banana,Fruit,Dozen,West Bengal,Nadia,Krishnanagar,2022-04-07,2022,4,Zaid,302.0,85.68,93.29,89.79,7,14,2,3
Brinjal,Vegetable,Kg,West Bengal,Hooghly,Arambagh,2023-12-27,2023,12,Rabi,703.16,43.29,49.17,46.56,27,52,4,2
Mustard Oil,Oil,Litre,West Bengal,Nadia,Krishnanagar,2025-03-20,2025,3,Rabi,242.31,152.6,164.46,158.6,20,12,1,3
Cabbage,Vegetable,Kg,West Bengal,Nadia,Krishnanagar,2021-05-09,2021,5,Zaid,697.02,8.49,9.67,9.15,9,18,2,6
Mustard Oil,Oil,Litre,West Bengal,Purba Medinipur,Panskura,2024-01-25,2024,1,Rabi,540.09,220.28,229.61,225.13,25,4,1,3
Rice,Grain,Quintal,West Bengal,Nadia,Krishnanagar,2023-06-18,2023,6,Kharif,427.9,1770.48,1977.12,1873.55,18,24,2,6
Onion,Vegetable,Kg,West Bengal,Hooghly,Arambagh,2023-06-12,2023,6,Kharif,125.76,33.29,36.23,34.63,12,24,2,0
Wheat,Grain,Quintal,West Bengal,Purba Medinipur,Panskura,2020-08-03,2020,8,Kharif,577.32,2213.46,2361.54,2287.72,3,32,3,0
Mustard,Oilseed,Quintal,West Bengal,Nadia,Krishnanagar,2022-12-17,2022,12,Rabi,902.27,4246.62,4587.07,4416.5,17,50,4,5
Mustard Oil,Oil,Litre,West Bengal,Hooghly,Arambagh,2025-06-23,2025,6,Kharif,584.1,149.05,168.94,159.46,23,26,2,0
Maize,Grain,Quintal,West Bengal,Nadia,Krishnanagar,2022-12-15,2022,12,Rabi,272.79,1799.18,1978.3,1888.35,15,50,4,3
Banana,Fruit,Dozen,West Bengal,Nadia,Krishnanagar,2025-04-15,2025,4,Zaid,260.45,30.97,34.11,32.71,15,16,2,1
Mango,Fruit,Kg,West Bengal,Hooghly,Arambagh,2024-03-22,2024,3,Rabi,219.75,66.4,68.94,67.29,22,12,1,4
Milk,Dairy,Litre,West Bengal,Nadia,Krishnanagar,2023-06-08,2023,6,Kharif,213.77,40.6,44.91,42.9,8,23,2,3
Onion,Vegetable,Kg,West Bengal,Nadia,Krishnanagar,2020-09-03,2020,9,Kharif,823.13,30.83,33.56,32.57,3,36,3,3
Onion,Vegetable,Kg,West Bengal,Purba Medinipur,Panskura,2021-09-20,2021,9,Kharif,435.07,51.36,57.07,53.81,20,38,3,0
Maize,Grain,Quintal,West Bengal,Nadia,Krishnanagar,2025-11-21,2025,11,Rabi,570.3,1984.06,2058.48,2021.44,21,47,4,4
Brinjal,Vegetable,Kg,West Bengal,Hooghly,Arambagh,2024-12-22,2024,12,Rabi,765.39,36.23,40.0,38.18,22,51,4,6
Rice,Grain,Quintal,West Bengal,Hooghly,Arambagh,2024-10-25,2024,10,Rabi,630.84,2496.64,2690.28,2593.06,25,43,4,4
Wheat,Grain,Quintal,West Bengal,Nadia,Krishnanagar,2024-06-11,2024,6,Kharif,701.25,2142.19,2363.6,2252.41,11,24,2,1
Potato,Vegetable,Kg,West Bengal,Hooghly,Arambagh,2021-06-21,2021,6,Kharif,867.6,11.19,12.91,12.0,21,25,2,0
Rice,Grain,Quintal,West Bengal,Hooghly,Arambagh,2022-10-01,2022,10,Rabi,345.87,2657.36,2774.19,2715.71,1,39,4,5
Maize,Grain,Quintal,West Bengal,Nadia,Krishnanagar,2020-07-25,2020,7,Kharif,38.61,2453.16,2632.38,2542.85,25,30,3,5
Mango,Fruit,Kg,West Bengal,Purba Medinipur,Panskura,2023-01-25,2023,1,Rabi,67.33,85.5,92.28,88.66,25,4,1,2
Banana,Fruit,Dozen,West Bengal,Purba Medinipur,Panskura,2022-11-28,2022,11,Rabi,787.45,61.87,68.3,65.3,28,48,4,0
Mustard,Oilseed,Quintal,West Bengal,Nadia,Krishnanagar,2023-02-24,2023,2,Rabi,156.92,7127.34,7254.8,7191.13,24,8,1,4
Tomato,Vegetable,Kg,West Bengal,Hooghly,Arambagh,2022-10-26,2022,10,Rabi,185.51,42.38,47.71,44.91,26,43,4,2
Rice,Grain,Quintal,West Bengal,Nadia,Krishnanagar,2021-01-29,2021,1,Rabi,480.22,2072.56,2209.46,2140.78,29,4,1,4
Cotton,Fiber,Quintal,West Bengal,Nadia,Krishnanagar,2023-12-06,2023,12,Rabi,778.78,6524.41,6837.89,6681.52,6,49,4,2
Banana,Fruit,Dozen,West Bengal,Hooghly,Arambagh,2025-06-01,2025,6,Kharif,745.76,26.74,29.15,27.47,1,22,2,6
Rice,Grain,Quintal,West Bengal,Hooghly,Arambagh,2024-06-08,2024,6,Kharif,602.03,2938.77,3209.97,3074.12,8,23,2,5
Maize,Grain,Quintal,West Bengal,Purba Medinipur,Panskura,2022-07-08,2022,7,Kharif,409.74,2556.28,2771.49,2663.47,8,27,3,4
Onion,Vegetable,Kg,West Bengal,Purba Medinipur,Panskura,2021-01-01,2021,1,Rabi,891.05,39.06,43.92,41.04,1,53,1,4
Cotton,Fiber,Quintal,West Bengal,Hooghly,Arambagh,2024-02-22,2024,2,Rabi,311.08,8191.62,9177.99,8684.33,22,8,1,3
Banana,Fruit,Dozen,West Bengal,Nadia,Krishnanagar,2024-11-30,2024,11,Rabi,714.74,112.76,124.17,118.55,30,48,4,5
Mustard,Oilseed,Quintal,West Bengal,Hooghly,Arambagh,2021-08-01,2021,8,Kharif,813.53,4678.02,4859.24,4768.28,1,30,3,6
Cabbage,Vegetable,Kg,West Bengal,Nadia,Krishnanagar,2021-04-11,2021,4,Zaid,306.33,13.1,14.97,14.26,11,14,2,6
Milk,Dairy,Litre,West Bengal,Purba Medinipur,Panskura,2024-03-22,2024,3,Rabi,875.02,52.0,60.27,55.82,22,12,1,4
Mustard Oil,Oil,Litre,West Bengal,Hooghly,Arambagh,2024-10-05,2024,10,Rabi,447.65,176.69,182.01,179.02,5,40,4,5
Cabbage,Vegetable,Kg,West Bengal,Purba Medinipur,Panskura,2023-11-30,2023,11,Rabi,796.98,17.68,20.11,19.33,30,48,4,3
Rice,Grain,Quintal,West Bengal,Purba Medinipur,Panskura,2024-08-30,2024,8,Kharif,498.5,2065.47,2227.36,2146.38,30,35,3,4
Tomato,Vegetable,Kg,West Bengal,Nadia,Krishnanagar,2021-02-05,2021,2,Rabi,917.75,16.06,17.48,16.83,5,5,1,4
Onion,Vegetable,Kg,West Bengal,Hooghly,Arambagh,2025-08-01,2025,8,Kharif,518.95,19.67,20.95,20.37,1,31,3,4
Onion,Vegetable,Kg,West Bengal,Purba Medinipur,Panskura,2020-10-21,2020,10,Rabi,31.05,43.27,47.09,45.66,21,43,4,2
Tomato,Vegetable,Kg,West Bengal,Hooghly,Arambagh,2025-11-10,2025,11,Rabi,388.9,28.87,31.94,30.53,10,46,4,0
Potato,Vegetable,Kg,West Bengal,Purba Medinipur,Panskura,2021-03-23,2021,3,Rabi,382.42,24.4,26.86,25.66,23,12,1,1
Wheat,Grain,Quintal,West Bengal,Hooghly,Arambagh,2025-10-02,2025,10,Rabi,367.23,2148.27,2211.81,2180.33,2,40,4,3
Tomato,Vegetable,Kg,West Bengal,Hooghly,Arambagh,2023-01-18,2023,1,Rabi,387.01,41.67,46.36,43.88,18,3,1,2
Mustard,Oilseed,Quintal,West Bengal,Hooghly,Arambagh,2025-01-27,2025,1,Rabi,33.59,6696.63,6907.87,6801.94,27,5,1,0
Cabbage,Vegetable,Kg,West Bengal,Hooghly,Arambagh,2020-11-27,2020,11,Rabi,21.06,29.12,32.84,31.29,27,48,4,4
Brinjal,Vegetable,Kg,West Bengal,Nadia,Krishnanagar,2025-11-21,2025,11,Rabi,105.01,19.04,20.86,19.45,21,47,4,4
Mustard,Oilseed,Quintal,West Bengal,Hooghly,Arambagh,2024-08-08,2024,8,Kharif,547.13,5222.01,5899.22,5560.45,8,32,3,3
Mango,Fruit,Kg,West Bengal,Hooghly,Arambagh,2021-07-05,2021,7,Kharif,642.76,69.85,75.2,72.56,5,27,3,0
Milk,Dairy,Litre,West Bengal,Purba Medinipur,Panskura,2023-06-20,2023,6,Kharif,749.77,27.62,31.83,29.47,20,25,2,1
Mustard,Oilseed,Quintal,West Bengal,Purba Medinipur,Panskura,2024-10-18,2024,10,Rabi,742.66,5263.42,5935.15,5599.62,18,42,4,4
Cabbage,Vegetable,Kg,West Bengal,Purba Medinipur,Panskura,2020-08-22,2020,8,Kharif,259.03,20.26,22.34,21.51,22,34,3,5
Cabbage,Vegetable,Kg,West Bengal,Purba Medinipur,Panskura,2022-11-16,2022,11,Rabi,679.49,20.07,23.12,21.61,16,46,4,2
Mango,Fruit,Kg,West Bengal,Hooghly,Arambagh,2024-04-12,2024,4,Zaid,306.16,86.14,94.53,90.68,12,15,2,4
Maize,Grain,Quintal,West Bengal,Purba Medinipur,Panskura,2022-07-28,2022,7,Kharif,52.11,1564.71,1707.94,1636.62,28,30,3,3
Brinjal,Vegetable,Kg,West Bengal,Nadia,Krishnanagar,2023-08-27,2023,8,Kharif,630.98,14.93,16.87,15.87,27,34,3,6
Maize,Grain,Quintal,West Bengal,Purba Medinipur,Panskura,2024-07-11,2024,7,Kharif,617.41,1669.46,1843.87,1756.43,11,28,3,3
Cotton,Fiber,Quintal,West Bengal,Purba Medinipur,Panskura,2020-07-18,2020,7,Kharif,633.43,6110.23,6495.62,6303.21,18,29,3,5
Potato,Vegetable,Kg,West Bengal,Hooghly,Arambagh,2020-01-18,2020,1,Rabi,261.58,9.9,11.32,10.3,18,3,1,5
Potato,Vegetable,Kg,West Bengal,Purba Medinipur,Panskura,2020-01-31,2020,1,Rabi,68.49,34.17,36.5,35.25,31,5,1,4
Onion,Vegetable,Kg,West Bengal,Nadia,Krishnanagar,2025-10-12,2025,10,Rabi,286.65,14.96,16.43,16.07,12,41,4,6
Mango,Fruit,Kg,West Bengal,Nadia,Krishnanagar,2022-03-20,2022,3,Rabi,789.62,78.87,84.82,82.07,20,11,1,6
Brinjal,Vegetable,Kg,West Bengal,Nadia,Krishnanagar,2025-04-15,2025,4,Zaid,784.09,24.12,26.89,25.07,15,16,2,1
Mango,Fruit,Kg,West Bengal,Nadia,Krishnanagar,2025-05-01,2025,5,Zaid,535.72,46.61,53.2,49.82,1,18,2,3
Potato,Vegetable,Kg,West Bengal,Purba Medinipur,Panskura,2020-05-27,2020,5,Zaid,686.31,29.99,33.65,32.0,27,22,2,2
Cabbage,Vegetable,Kg,West Bengal,Purba Medinipur,Panskura,2025-11-23,2025,11,Rabi,109.89,17.82,19.1,18.17,23,47,4,6
Maize,Grain,Quintal,West Bengal,Purba Medinipur,Panskura,2021-08-03,2021,8,Kharif,418.11,1734.63,1762.8,1748.27,3,31,3,1
Mustard,Oilseed,Quintal,West Bengal,Hooghly,Arambagh,2024-04-06,2024,4,Zaid,756.07,4704.99,5072.12,4888.18,6,14,2,5
Mustard Oil,Oil,Litre,West Bengal,Purba Medinipur,Panskura,2025-08-18,2025,8,Kharif,535.09,156.27,171.97,163.67,18,34,3,0
Maize,Grain,Quintal,West Bengal,Hooghly,Arambagh,2023-01-14,2023,1,Rabi,497.56,1877.8,2084.92,1980.97,14,2,1,5
Cabbage,Vegetable,Kg,West Bengal,Nadia,Krishnanagar,2020-06-29,2020,6,Kharif,382.58,21.7,24.04,22.48,29,27,2,0
Rice,Grain,Quintal,West Bengal,Hooghly,Arambagh,2021-01-21,2021,1,Rabi,947.5,2787.28,2923.11,2854.86,21,3,1,3
Wheat,Grain,Quintal,West Bengal,Purba Medinipur,Panskura,2025-08-14,2025,8,Kharif,938.38,1747.17,1833.46,1790.45,14,33,3,3
Tomato,Vegetable,Kg,West Bengal,Purba Medinipur,Panskura,2025-11-05,2025,11,Rabi,699.05,20.66,23.93,22.57,5,45,4,2
Mango,Fruit,Kg,West Bengal,Purba Medinipur,Panskura,2021-03-17,2021,3,Rabi,732.58,140.2,156.74,148.89,17,11,1,2
Milk,Dairy,Litre,West Bengal,Purba Medinipur,Panskura,2022-04-15,2022,4,Zaid,562.67,27.93,29.9,29.39,15,15,2,4
Maize,Grain,Quintal,West Bengal,Hooghly,Arambagh,2022-09-26,2022,9,Kharif,327.69,1852.77,1956.64,1904.27,26,39,3,0
Maize,Grain,Quintal,West Bengal,Hooghly,Arambagh,2021-06-08,2021,6,Kharif,438.68,1496.31,1628.2,1562.33,8,23,2,1
Mustard,Oilseed,Quintal,West Bengal,Purba Medinipur,Panskura,2025-01-04,2025,1,Rabi,727.82,4949.04,5471.96,5210.66,4,1,1,5
Banana,Fruit,Dozen,West Bengal,Hooghly,Arambagh,2021-05-22,2021,5,Zaid,453.23,53.37,60.58,56.81,22,20,2,5
Cotton,Fiber,Quintal,West Bengal,Hooghly,Arambagh,2024-05-01,2024,5,Zaid,156.22,5805.37,6087.7,5947.01,1,18,2,2
Onion,Vegetable,Kg,West Bengal,Purba Medinipur,Panskura,2021-08-27,2021,8,Kharif,638.39,35.4,39.72,37.35,27,34,3,4
Tomato,Vegetable,Kg,West Bengal,Hooghly,Arambagh,2023-08-24,2023,8,Kharif,610.32,31.76,35.26,33.46,24,34,3,3
Brinjal,Vegetable,Kg,West Bengal,Purba Medinipur,Panskura,2021-03-19,2021,3,Rabi,412.35,44.03,46.53,45.47,19,11,1,4
Milk,Dairy,Litre,West Bengal,Nadia,Krishnanagar,2021-07-27,2021,7,Kharif,899.52,66.97,71.59,69.53,27,30,3,1
Brinjal,Vegetable,Kg,West Bengal,Hooghly,Arambagh,2020-06-16,2020,6,Kharif,280.93,32.38,35.13,33.73,16,25,2,1
Cabbage,Vegetable,Kg,West Bengal,Hooghly,Arambagh,2020-07-22,2020,7,Kharif,465.68,21.92,24.03,23.05,22,30,3,2
Mustard Oil,Oil,Litre,West Bengal,Hooghly,Arambagh,2022-03-11,2022,3,Rabi,386.18,112.19,126.3,119.34,11,10,1,4
Mustard Oil,Oil,Litre,West Bengal,Nadia,Krishnanagar,2022-04-08,2022,4,Zaid,538.84,143.16,161.26,152.63,8,14,2,4
Potato,Vegetable,Kg,West Bengal,Nadia,Krishnanagar,2024-11-05,2024,11,Rabi,372.57,13.89,15.52,14.35,5,45,4,1
Cotton,Fiber,Quintal,West Bengal,Hooghly,Arambagh,2022-06-09,2022,6,Kharif,43.82,5263.27,5912.82,5588.03,9,23,2,3
Mango,Fruit,Kg,West Bengal,Hooghly,Arambagh,2020-03-29,2020,3,Rabi,735.62,56.9,63.0,59.92,29,13,1,6
Milk,Dairy,Litre,West Bengal,Nadia,Krishnanagar,2024-07-29,2024,7,Kharif,31.44,54.43,60.9,57.44,29,31,3,0
Maize,Grain,Quintal,West Bengal,Hooghly,Arambagh,2023-04-10,2023,4,Zaid,879.22,1480.18,1643.43,1561.44,10,15,2,0
Onion,Vegetable,Kg,West Bengal,Nadia,Krishnanagar,2025-02-17,2025,2,Rabi,252.46,41.5,45.09,43.65,17,8,1,0
Cabbage,Vegetable,Kg,West Bengal,Purba Medinipur,Panskura,2025-02-10,2025,2,Rabi,497.14,22.34,24.04,22.81,10,7,1,0
Mango,Fruit,Kg,West Bengal,Hooghly,Arambagh,2023-03-20,2023,3,Rabi,702.05,70.69,75.92,73.44,20,12,1,0
Onion,Vegetable,Kg,West Bengal,Nadia,Krishnanagar,2020-10-16,2020,10,Rabi,694.19,44.94,48.84,46.56,16,42,4,4
Tomato,Vegetable,Kg,West Bengal,Hooghly,Arambagh,2024-12-13,2024,12,Rabi,656.05,32.21,34.77,33.38,13,50,4,4
Cotton,Fiber,Quintal,West Bengal,Purba Medinipur,Panskura,2021-11-11,2021,11,Rabi,150.85,8176.82,9120.22,8648.61,11,45,4,3
Mango,Fruit,Kg,West Bengal,Nadia,Krishnanagar,2022-07-20,2022,7,Kharif,381.26,121.7,130.83,126.05,20,29,3,2
Milk,Dairy,Litre,West Bengal,Nadia,Krishnanagar,2020-01-22,2020,1,Rabi,236.05,31.14,35.38,33.63,22,4,1,2
Cabbage,Vegetable,Kg,West Bengal,Nadia,Krishnanagar,2024-10-04,2024,10,Rabi,186.63,20.22,22.86,21.42,4,40,4,4
Mustard Oil,Oil,Litre,West Bengal,Hooghly,Arambagh,2025-01-13,2025,1,Rabi,573.74,117.39,131.43,124.15,13,3,1,0
Onion,Vegetable,Kg,West Bengal,Purba Medinipur,Panskura,2022-01-03,2022,1,Rabi,558.9,31.64,34.91,33.52,3,1,1,0
Brinjal,Vegetable,Kg,West Bengal,Nadia,Krishnanagar,2025-03-26,2025,3,Rabi,298.97,30.2,33.63,31.51,26,13,1,2
Banana,Fruit,Dozen,West Bengal,Hooghly,Arambagh,2021-08-03,2021,8,Kharif,413.76,112.48,120.74,117.09,3,31,3,1
Mustard Oil,Oil,Litre,West Bengal,Hooghly,Arambagh,2021-08-10,2021,8,Kharif,578.96,184.96,202.5,193.82,10,32,3,1
Potato,Vegetable,Kg,West Bengal,Nadia,Krishnanagar,2022-07-26,2022,7,Kharif,284.47,26.81,30.72,28.64,26,30,3,1
Mustard Oil,Oil,Litre,West Bengal,Nadia,Krishnanagar,2023-03-29,2023,3,Rabi,437.55,158.51,169.78,164.37,29,13,1,2
Potato,Vegetable,Kg,West Bengal,Nadia,Krishnanagar,2023-08-15,2023,8,Kharif,353.09,15.22,17.5,16.33,15,33,3,1
Mustard Oil,Oil,Litre,West Bengal,Hooghly,Arambagh,2023-04-25,2023,4,Zaid,147.54,140.88,152.11,146.94,25,17,2,1
Milk,Dairy,Litre,West Bengal,Nadia,Arambagh,2022-02-13,2022,2,Rabi,182.29,55.15,59.37,57.52,13,6,1,6
Potato,Vegetable,Kg,West Bengal,Purba Medinipur,Panskura,2024-05-07,2024,5,Zaid,85.2,11.63,12.81,12.01,7,19,2,1
Milk,Dairy,Litre,West Bengal,Nadia,Krishnanagar,2020-12-27,2020,12,Rabi,282.66,51.22,55.99,53.44,27,52,4,6
Cabbage,Vegetable,Kg,West Bengal,Purba Medinipur,Panskura,2025-02-18,2025,2,Rabi,133.82,29.79,33.75,31.62,18,8,1,1
Maize,Grain,Quintal,West Bengal,Nadia,Krishnanagar,2024-05-07,2024,5,Zaid,260.75,2445.32,2786.66,2616.13,7,19,2,1
Mango,Fruit,Kg,West Bengal,Purba Medinipur,Panskura,2022-05-02,2022,5,Zaid,130.88,59.13,66.01,63.01,2,18,2,0
Brinjal,Vegetable,Kg,West Bengal,Hooghly,Arambagh,2024-08-17,2024,8,Kharif,399.43,31.02,35.43,32.82,17,33,3,5
Maize,Grain,Quintal,West Bengal,Hooghly,Arambagh,2025-04-12,2025,4,Zaid,101.9,1538.6,1582.65,1560.15,12,15,2,5
Rice,Grain,Quintal,West Bengal,Hooghly,Arambagh,2024-03-24,2024,3,Rabi,704.72,2329.77,2467.56,2398.62,24,12,1,6
Milk,Dairy,Litre,West Bengal,Purba Medinipur,Panskura,2020-09-18,2020,9,Kharif,410.56,41.19,44.48,43.26,18,38,3,4
Banana,Fruit,Dozen,West Bengal,Nadia,Krishnanagar,2020-05-04,2020,5,Zaid,808.21,87.59,96.78,92.1,4,19,2,0
Banana,Fruit,Dozen,West Bengal,Hooghly,Arambagh,2020-11-20,2020,11,Rabi,900.27,86.04,97.65,91.82,20,47,4,4
Mustard,Oilseed,Quintal,West Bengal,Nadia,Krishnanagar,2022-11-12,2022,11,Rabi,550.34,4498.63,5177.43,4838.31,12,45,4,5
Mango,Fruit,Kg,West Bengal,Hooghly,Arambagh,2024-11-04,2024,11,Rabi,395.89,49.64,52.39,51.21,4,45,4,0
Maize,Grain,Quintal,West Bengal,Nadia,Krishnanagar,2025-02-16,2025,2,Rabi,106.04,2041.42,2298.4,2169.93,16,7,1,6
Brinjal,Vegetable,Kg,West Bengal,Hooghly,Arambagh,2024-09-02,2024,9,Kharif,708.42,48.85,50.8,49.48,2,36,3,0
Cotton,Fiber,Quintal,West Bengal,Purba Medinipur,Panskura,2022-11-17,2022,11,Rabi,576.98,6754.95,7476.72,7116.26,17,46,4,3
Milk,Dairy,Litre,West Bengal,Purba Medinipur,Panskura,2020-02-21,2020,2,Rabi,517.98,36.64,41.57,38.9,21,8,1,4
Brinjal,Vegetable,Kg,West Bengal,Purba Medinipur,Panskura,2021-11-11,2021,11,Rabi,180.4,23.96,26.06,24.52,11,45,4,3
Onion,Vegetable,Kg,West Bengal,Hooghly,Arambagh,2022-05-19,2022,5,Zaid,898.44,14.56,16.23,15.48,19,20,2,3
Wheat,Grain,Quintal,West Bengal,Hooghly,Arambagh,2023-06-24,2023,6,Kharif,105.88,2187.67,2250.95,2219.53,24,25,2,5
Milk,Dairy,Litre,West Bengal,Hooghly,Arambagh,2025-01-14,2025,1,Rabi,812.53,53.15,58.65,55.71,14,3,1,1
Potato,Vegetable,Kg,West Bengal,Nadia,Krishnanagar,2022-10-31,2022,10,Rabi,278.5,11.51,12.98,11.81,31,44,4,0
Cabbage,Vegetable,Kg,West Bengal,Hooghly,Arambagh,2024-06-26,2024,6,Kharif,158.57,11.79,13.51,12.41,26,26,2,2
Potato,Vegetable,Kg,West Bengal,Hooghly,Arambagh,2023-05-04,2023,5,Zaid,693.75,29.92,34.51,32.5,4,18,2,3
Mango,Fruit,Kg,West Bengal,Nadia,Krishnanagar,2020-10-04,2020,10,Rabi,323.97,128.22,139.93,133.64,4,40,4,6
Maize,Grain,Quintal,West Bengal,Hooghly,Arambagh,2020-08-10,2020,8,Kharif,665.62,2488.39,2701.37,2594.78,10,33,3,0
Milk,Dairy,Litre,West Bengal,Purba Medinipur,Panskura,2023-04-24,2023,4,Zaid,839.47,56.97,64.77,60.4,24,17,2,0
Cabbage,Vegetable,Kg,West Bengal,Purba Medinipur,Panskura,2024-10-20,2024,10,Rabi,837.35,24.21,26.13,24.91,20,42,4,6
Onion,Vegetable,Kg,West Bengal,Hooghly,Arambagh,2023-05-29,2023,5,Zaid,947.49,16.27,17.82,16.98,29,22,2,0
Onion,Vegetable,Kg,West Bengal,Hooghly,Arambagh,2020-04-25,2020,4,Zaid,275.89,44.35,46.17,45.3,25,17,2,5
Onion,Vegetable,Kg,West Bengal,Hooghly,Arambagh,2022-04-06,2022,4,Zaid,251.98,21.11,23.73,22.75,6,14,2,2
Tomato,Vegetable,Kg,West Bengal,Nadia,Krishnanagar,2025-02-23,2025,2,Rabi,50.08,51.16,54.8,52.7,23,8,1,6
Rice,Grain,Quintal,West Bengal,Hooghly,Arambagh,2021-02-23,2021,2,Rabi,376.46,2938.72,3054.46,2996.84,23,8,1,1
Potato,Vegetable,Kg,West Bengal,Purba Medinipur,Panskura,2023-04-19,2023,4,Zaid,155.46,30.27,33.32,31.66,19,16,2,2
Tomato,Vegetable,Kg,West Bengal,Hooghly,Arambagh,2023-04-13,2023,4,Zaid,725.93,43.76,48.52,45.79,13,15,2,3
Mustard,Oilseed,Quintal,West Bengal,Purba Medinipur,Panskura,2024-12-31,2024,12,Rabi,838.06,5213.85,5497.01,5355.11,31,1,4,1
Wheat,Grain,Quintal,West Bengal,Nadia,Krishnanagar,2023-05-11,2023,5,Zaid,301.33,1952.02,2099.28,2025.69,11,19,2,3
Potato,Vegetable,Kg,West Bengal,Hooghly,Arambagh,2021-08-05,2021,8,Kharif,689.87,11.47,13.06,12.3,5,31,3,3
Mango,Fruit,Kg,West Bengal,Nadia,Krishnanagar,2021-01-19,2021,1,Rabi,348.88,169.87,179.9,175.37,19,3,1,1
Onion,Vegetable,Kg,West Bengal,Nadia,Krishnanagar,2020-09-07,2020,9,Kharif,613.83,28.5,32.5,30.62,7,37,3,0
Wheat,Grain,Quintal,West Bengal,Hooghly,Arambagh,2020-06-14,2020,6,Kharif,790.88,1950.88,2201.5,2075.74,14,24,2,6
Wheat,Grain,Quintal,West Bengal,Hooghly,Arambagh,2022-04-20,2022,4,Zaid,805.33,1939.75,1991.21,1965.75,20,16,2,2
Milk,Dairy,Litre,West Bengal,Purba Medinipur,Panskura,2023-05-11,2023,5,Zaid,204.94,49.26,55.76,52.6,11,19,2,3
Brinjal,Vegetable,Kg,West Bengal,Hooghly,Arambagh,2021-05-08,2021,5,Zaid,95.96,39.87,43.83,42.06,8,18,2,5
Potato,Vegetable,Kg,West Bengal,Purba Medinipur,Panskura,2020-06-27,2020,6,Kharif,942.81,13.89,15.99,14.83,27,26,2,5
Rice,Grain,Quintal,West Bengal,Hooghly,Arambagh,2021-07-25,2021,7,Kharif,264.33,2437.39,2695.33,2566.86,25,29,3,6
Mustard,Oilseed,Quintal,West Bengal,Hooghly,Arambagh,2024-09-01,2024,9,Kharif,339.51,5631.3,6177.84,5904.77,1,35,3,6
Brinjal,Vegetable,Kg,West Bengal,Purba Medinipur,Panskura,2020-11-30,2020,11,Rabi,170.92,25.22,26.71,26.4,30,49,4,0
Mango,Fruit,Kg,West Bengal,Nadia,Krishnanagar,2024-12-06,2024,12,Rabi,171.64,45.43,50.07,47.34,6,49,4,4
Cabbage,Vegetable,Kg,West Bengal,Hooghly,Arambagh,2021-02-14,2021,2,Rabi,697.07,27.47,31.11,29.67,14,6,1,6
Potato,Vegetable,Kg,West Bengal,Nadia,Krishnanagar,2024-11-01,2024,11,Rabi,495.94,34.17,35.91,34.84,1,44,4,4
Tomato,Vegetable,Kg,West Bengal,Hooghly,Arambagh,2023-02-22,2023,2,Rabi,377.87,34.39,38.25,35.85,22,8,1,2
Cotton,Fiber,Quintal,West Bengal,Purba Medinipur,Panskura,2023-10-26,2023,10,Rabi,797.56,8338.76,8624.04,8481.86,26,43,4,3
Brinjal,Vegetable,Kg,West Bengal,Hooghly,Arambagh,2022-12-23,2022,12,Rabi,443.81,29.68,32.53,30.84,23,51,4,4
Brinjal,Vegetable,Kg,West Bengal,Hooghly,Arambagh,2020-06-22,2020,6,Kharif,429.02,30.17,33.29,31.66,22,26,2,0
Brinjal,Vegetable,Kg,West Bengal,Hooghly,Arambagh,2021-06-18,2021,6,Kharif,694.4,34.16,36.86,35.71,18,24,2,4
Maize,Grain,Quintal,West Bengal,Hooghly,Arambagh,2024-07-10,2024,7,Kharif,83.07,1517.31,1545.18,1531.29,10,28,3,2
Wheat,Grain,Quintal,West Bengal,Nadia,Krishnanagar,2020-05-28,2020,5,Zaid,549.99,2637.97,2930.89,2783.98,28,22,2,3
Mustard Oil,Oil,Litre,West Bengal,Hooghly,Arambagh,2020-01-13,2020,1,Rabi,638.31,207.01,230.47,218.29,13,3,1,0
Tomato,Vegetable,Kg,West Bengal,Purba Medinipur,Panskura,2025-11-24,2025,11,Rabi,539.29,30.46,33.39,31.97,24,48,4,0
Milk,Dairy,Litre,West Bengal,Hooghly,Arambagh,2024-11-15,2024,11,Rabi,879.64,55.72,62.81,58.92,15,46,4,4
Banana,Fruit,Dozen,West Bengal,Nadia,Krishnanagar,2021-03-14,2021,3,Rabi,643.44,56.32,63.49,60.33,14,10,1,6
Mustard,Oilseed,Quintal,West Bengal,Nadia,Krishnanagar,2024-06-01,2024,6,Kharif,592.79,6386.58,6853.12,6620.22,1,22,2,5
Brinjal,Vegetable,Kg,West Bengal,Purba Medinipur,Panskura,2022-04-26,2022,4,Zaid,431.85,26.49,28.49,27.3,26,17,2,1
Rice,Grain,Quintal,West Bengal,Nadia,Krishnanagar,2023-05-09,2023,5,Zaid,623.51,2848.27,2926.66,2887.68,9,19,2,1
Rice,Grain,Quintal,West Bengal,Nadia,Krishnanagar,2024-06-21,2024,6,Kharif,421.21,2843.76,3023.66,2933.48,21,25,2,4
Mango,Fruit,Kg,West Bengal,Nadia,Krishnanagar,2021-04-24,2021,4,Zaid,336.86,92.1,94.15,92.87,24,16,2,5
Milk,Dairy,Litre,West Bengal,Hooghly,Arambagh,2025-01-31,2025,1,Rabi,307.1,70.71,72.79,71.75,31,5,1,4
Potato,Vegetable,Kg,West Bengal,Hooghly,Arambagh,2021-05-29,2021,5,Zaid,890.54,23.15,25.02,24.31,29,21,2,5
Brinjal,Vegetable,Kg,West Bengal,Nadia,Krishnanagar,2021-08-21,2021,8,Kharif,890.92,24.81,28.67,26.42,21,33,3,5
Banana,Fruit,Dozen,West Bengal,Hooghly,Arambagh,2021-06-28,2021,6,Kharif,783.44,33.14,36.64,35.22,28,26,2,0
Mustard Oil,Oil,Litre,West Bengal,Purba Medinipur,Panskura,2025-01-18,2025,1,Rabi,655.86,153.7,161.23,157.85,18,3,1,5
Mango,Fruit,Kg,West Bengal,Purba Medinipur,Panskura,2020-02-17,2020,2,Rabi,693.01,49.43,55.6,52.13,17,8,1,0
Tomato,Vegetable,Kg,West Bengal,Hooghly,Arambagh,2024-07-15,2024,7,Kharif,569.85,15.12,17.12,16.15,15,29,3,0
Brinjal,Vegetable,Kg,West Bengal,Purba Medinipur,Panskura,2020-06-11,2020,6,Kharif,537.5,44.56,49.22,46.73,11,24,2,3
Mango,Fruit,Kg,West Bengal,Hooghly,Arambagh,2023-10-14,2023,10,Rabi,761.33,161.88,171.09,166.05,14,41,4,5
Cotton,Fiber,Quintal,West Bengal,Nadia,Krishnanagar,2024-11-21,2024,11,Rabi,603.47,8155.0,9132.8,8644.02,21,47,4,3
Brinjal,Vegetable,Kg,West Bengal,Hooghly,Arambagh,2021-12-22,2021,12,Rabi,662.77,32.7,36.23,34.62,22,51,4,2
Onion,Vegetable,Kg,West Bengal,Nadia,Krishnanagar,2024-11-01,2024,11,Rabi,757.19,22.73,24.92,23.68,1,44,4,4
Maize,Grain,Quintal,West Bengal,Nadia,Krishnanagar,2024-02-18,2024,2,Rabi,106.79,1443.8,1606.28,1524.69,18,7,1,6
Rice,Grain,Quintal,West Bengal,Purba Medinipur,Panskura,2022-03-20,2022,3,Rabi,451.4,2340.47,2483.73,2411.72,20,11,1,6
Milk,Dairy,Litre,West Bengal,Nadia,Krishnanagar,2025-09-23,2025,9,Kharif,508.61,42.6,47.8,45.58,23,39,3,1
Onion,Vegetable,Kg,West Bengal,Hooghly,Arambagh,2023-06-07,2023,6,Kharif,497.3,14.83,16.54,16.05,7,23,2,2
Potato,Vegetable,Kg,West Bengal,Hooghly,Arambagh,2020-08-01,2020,8,Kharif,414.13,13.47,14.61,13.95,1,31,3,5
Onion,Vegetable,Kg,West Bengal,Hooghly,Arambagh,2020-12-25,2020,12,Rabi,254.73,24.96,28.83,27.02,25,52,4,4
Milk,Dairy,Litre,West Bengal,Purba Medinipur,Panskura,2020-06-06,2020,6,Kharif,214.06,39.66,45.3,42.92,6,23,2,5
Rice,Grain,Quintal,West Bengal,Nadia,Krishnanagar,2021-11-12,2021,11,Rabi,25.2,1989.78,2178.3,2083.92,12,45,4,4
Mango,Fruit,Kg,West Bengal,Purba Medinipur,Panskura,2025-01-14,2025,1,Rabi,408.89,159.92,167.47,164.05,14,3,1,1
Onion,Vegetable,Kg,West Bengal,Hooghly,Arambagh,2022-10-08,2022,10,Rabi,114.66,52.97,57.94,55.67,8,40,4,5
Banana,Fruit,Dozen,West Bengal,Purba Medinipur,Panskura,2023-10-15,2023,10,Rabi,67.44,64.8,73.34,68.62,15,41,4,6
Mustard Oil,Oil,Litre,West Bengal,Purba Medinipur,Panskura,2024-07-23,2024,7,Kharif,662.69,140.21,151.37,145.91,23,30,3,1
Mustard Oil,Oil,Litre,West Bengal,Nadia,Krishnanagar,2020-11-05,2020,11,Rabi,607.67,137.72,149.97,143.61,5,45,4,3
Potato,Vegetable,Kg,West Bengal,Hooghly,Arambagh,2024-02-22,2024,2,Rabi,766.08,32.58,36.54,34.58,22,8,1,3
Banana,Fruit,Dozen,West Bengal,Hooghly,Arambagh,2021-04-20,2021,4,Zaid,855.48,31.63,34.65,33.52,20,16,2,1
Cotton,Fiber,Quintal,West Bengal,Nadia,Krishnanagar,2023-06-18,2023,6,Kharif,811.59,6380.09,7165.8,6773.1,18,24,2,6
Banana,Fruit,Dozen,West Bengal,Nadia,Krishnanagar,2023-08-13,2023,8,Kharif,896.85,26.03,27.95,27.31,13,32,3,6
Brinjal,Vegetable,Kg,West Bengal,Nadia,Krishnanagar,2023-04-18,2023,4,Zaid,101.41,43.72,50.01,47.19,18,16,2,1
Mustard Oil,Oil,Litre,West Bengal,Nadia,Krishnanagar,2022-07-17,2022,7,Kharif,436.17,137.65,145.66,141.29,17,28,3,6
Mustard Oil,Oil,Litre,West Bengal,Nadia,Krishnanagar,2020-08-17,2020,8,Kharif,883.62,212.72,219.53,216.14,17,34,3,0
Cabbage,Vegetable,Kg,West Bengal,Nadia,Krishnanagar,2020-03-14,2020,3,Rabi,137.33,24.24,25.76,24.66,14,11,1,5
Cabbage,Vegetable,Kg,West Bengal,Nadia,Krishnanagar,2024-07-22,2024,7,Kharif,638.22,13.75,15.46,14.25,22,30,3,0
Brinjal,Vegetable,Kg,West Bengal,Hooghly,Arambagh,2022-05-27,2022,5,Zaid,88.12,40.93,47.74,44.04,27,21,2,4
Maize,Grain,Quintal,West Bengal,Nadia,Krishnanagar,2020-10-04,2020,10,Rabi,530.04,2247.7,2530.75,2389.4,4,40,4,6
Mango,Fruit,Kg,West Bengal,Purba Medinipur,Panskura,2020-06-12,2020,6,Kharif,44.08,127.65,136.89,132.16,12,24,2,4
Milk,Dairy,Litre,West Bengal,Hooghly,Arambagh,2025-08-10,2025,8,Kharif,310.64,35.04,37.28,35.87,10,32,3,6
Cotton,Fiber,Quintal,West Bengal,Purba Medinipur,Panskura,2022-07-19,2022,7,Kharif,196.21,5568.49,6011.77,5789.71,19,29,3,1
Wheat,Grain,Quintal,West Bengal,Hooghly,Arambagh,2024-05-24,2024,5,Zaid,504.9,1777.38,1972.28,1874.8,24,21,2,4
Rice,Grain,Quintal,West Bengal,Nadia,Krishnanagar,2025-07-01,2025,7,Kharif,850.5,1844.98,1989.64,1917.41,1,27,3,1
Brinjal,Vegetable,Kg,West Bengal,Nadia,Krishnanagar,2024-09-07,2024,9,Kharif,431.44,45.65,49.78,47.59,7,36,3,5
Tomato,Vegetable,Kg,West Bengal,Purba Medinipur,Panskura,2024-01-27,2024,1,Rabi,879.35,14.76,16.07,15.2,27,4,1,5
Maize,Grain,Quintal,West Bengal,Nadia,Krishnanagar,2023-12-04,2023,12,Rabi,683.25,2445.65,2573.29,2509.87,4,49,4,0
Rice,Grain,Quintal,West Bengal,Hooghly,Arambagh,2024-05-27,2024,5,Zaid,716.66,2645.31,3060.83,2853.22,27,22,2,0
Mango,Fruit,Kg,West Bengal,Hooghly,Arambagh,2024-01-17,2024,1,Rabi,623.14,44.16,48.69,46.21,17,3,1,2
Brinjal,Vegetable,Kg,West Bengal,Nadia,Krishnanagar,2023-09-08,2023,9,Kharif,591.87,33.75,36.93,35.59,8,36,3,4
Wheat,Grain,Quintal,West Bengal,Purba Medinipur,Panskura,2020-03-01,2020,3,Rabi,96.33,2634.49,2859.78,2747.57,1,9,1,6
Potato,Vegetable,Kg,West Bengal,Hooghly,Arambagh,2023-04-12,2023,4,Zaid,229.51,19.69,21.14,20.32,12,15,2,2
Mustard,Oilseed,Quintal,West Bengal,Purba Medinipur,Panskura,2024-09-16,2024,9,Kharif,723.04,4412.68,4780.7,4596.73,16,38,3,0
Banana,Fruit,Dozen,West Bengal,Purba Medinipur,Panskura,2025-06-01,2025,6,Kharif,630.3,94.37,100.53,97.42,1,22,2,6
Rice,Grain,Quintal,West Bengal,Purba Medinipur,Panskura,2023-06-14,2023,6,Kharif,90.68,3053.2,3192.75,3122.89,14,24,2,2
Potato,Vegetable,Kg,West Bengal,Nadia,Krishnanagar,2020-06-09,2020,6,Kharif,803.12,35.8,40.57,38.62,9,24,2,1
Cabbage,Vegetable,Kg,West Bengal,Hooghly,Arambagh,2023-09-11,2023,9,Kharif,681.63,19.79,22.07,20.94,11,37,3,0
Maize,Grain,Quintal,West Bengal,Nadia,Krishnanagar,2022-03-31,2022,3,Rabi,173.07,2488.48,2593.47,2540.76,31,13,1,3
Tomato,Vegetable,Kg,West Bengal,Nadia,Krishnanagar,2023-05-09,2023,5,Zaid,263.74,12.1,14.07,12.63,9,19,2,1
Banana,Fruit,Dozen,West Bengal,Hooghly,Arambagh,2024-09-07,2024,9,Kharif,258.05,41.52,45.16,43.21,7,36,3,5
Rice,Grain,Quintal,West Bengal,Purba Medinipur,Panskura,2024-05-21,2024,5,Zaid,784.11,2500.51,2554.44,2527.92,21,21,2,1
Wheat,Grain,Quintal,West Bengal,Purba Medinipur,Panskura,2022-06-01,2022,6,Kharif,589.24,1835.92,1997.64,1916.84,1,22,2,2
Banana,Fruit,Dozen,West Bengal,Purba Medinipur,Panskura,2020-10-04,2020,10,Rabi,920.65,36.89,38.82,38.31,4,40,4,6
Brinjal,Vegetable,Kg,West Bengal,Nadia,Krishnanagar,2025-02-27,2025,2,Rabi,751.98,21.18,23.33,22.18,27,9,1,3
Cotton,Fiber,Quintal,West Bengal,Hooghly,Arambagh,2023-07-07,2023,7,Kharif,293.73,5125.9,5551.73,5339.14,7,27,3,4
Maize,Grain,Quintal,West Bengal,Nadia,Krishnanagar,2022-11-12,2022,11,Rabi,921.09,2160.99,2396.15,2279.0,12,45,4,5
Wheat,Grain,Quintal,West Bengal,Nadia,Krishnanagar,2021-10-06,2021,10,Rabi,500.16,2103.31,2192.78,2147.95,6,40,4,2
Maize,Grain,Quintal,West Bengal,Nadia,Krishnanagar,2022-08-19,2022,8,Kharif,137.58,2121.74,2357.55,2239.85,19,33,3,4
Milk,Dairy,Litre,West Bengal,Hooghly,Arambagh,2023-12-27,2023,12,Rabi,670.02,30.71,32.16,31.42,27,52,4,2
Cotton,Fiber,Quintal,West Bengal,Nadia,Krishnanagar,2021-04-10,2021,4,Zaid,885.0,5329.47,5994.71,5661.7,10,14,2,5
Onion,Vegetable,Kg,West Bengal,Purba Medinipur,Panskura,2025-06-14,2025,6,Kharif,511.4,13.74,14.89,14.53,14,24,2,5
Mustard Oil,Oil,Litre,West Bengal,Nadia,Krishnanagar,2025-10-17,2025,10,Rabi,501.56,131.04,136.23,134.02,17,42,4,4
Cotton,Fiber,Quintal,West Bengal,Nadia,Krishnanagar,2021-04-21,2021,4,Zaid,284.77,6610.69,7256.87,6933.37,21,16,2,2
Maize,Grain,Quintal,West Bengal,Nadia,Krishnanagar,2025-11-23,2025,11,Rabi,109.81,1839.35,1918.72,1879.43,23,47,4,6
Tomato,Vegetable,Kg,West Bengal,Hooghly,Arambagh,2023-12-02,2023,12,Rabi,821.72,15.8,17.48,16.96,2,48,4,5
Wheat,Grain,Quintal,West Bengal,Nadia,Krishnanagar,2023-10-10,2023,10,Rabi,834.57,2632.02,2872.89,2752.59,10,41,4,1
Cotton,Fiber,Quintal,West Bengal,Purba Medinipur,Panskura,2023-07-25,2023,7,Kharif,487.74,7464.89,8273.25,7868.63,25,30,3,1
Potato,Vegetable,Kg,West Bengal,Nadia,Krishnanagar,2021-07-02,2021,7,Kharif,397.39,37.4,41.94,39.86,2,26,3,4
Milk,Dairy,Litre,West Bengal,Purba Medinipur,Panskura,2023-05-22,2023,5,Zaid,785.46,58.45,61.18,59.67,22,21,2,0
Maize,Grain,Quintal,West Bengal,Hooghly,Arambagh,2025-10-20,2025,10,Rabi,621.9,1883.63,1985.55,1934.5,20,43,4,0
Cabbage,Vegetable,Kg,West Bengal,Hooghly,Arambagh,2021-12-23,2021,12,Rabi,84.52,22.08,24.61,23.08,23,51,4,3
Mustard,Oilseed,Quintal,West Bengal,Hooghly,Arambagh,2023-12-17,2023,12,Rabi,293.51,6094.09,6840.57,6467.17,17,50,4,6
Wheat,Grain,Quintal,West Bengal,Hooghly,Arambagh,2025-07-07,2025,7,Kharif,201.62,2248.01,2409.4,2328.54,7,28,3,0
Brinjal,Vegetable,Kg,West Bengal,Hooghly,Arambagh,2020-08-28,2020,8,Kharif,55.48,14.76,16.36,15.52,28,35,3,4
Cotton,Fiber,Quintal,West Bengal,Nadia,Krishnanagar,2025-01-21,2025,1,Rabi,921.45,6534.09,7090.11,6811.69,21,4,1,1
Maize,Grain,Quintal,West Bengal,Nadia,Krishnanagar,2020-08-18,2020,8,Kharif,210.48,2073.18,2270.67,2171.83,18,34,3,1
Maize,Grain,Quintal,West Bengal,Purba Medinipur,Panskura,2022-07-23,2022,7,Kharif,472.16,2137.25,2154.35,2145.93,23,29,3,5
Potato,Vegetable,Kg,West Bengal,Nadia,Krishnanagar,2023-07-29,2023,7,Kharif,486.79,13.66,15.4,14.35,29,30,3,5
Cabbage,Vegetable,Kg,West Bengal,Nadia,Krishnanagar,2024-12-01,2024,12,Rabi,374.06,27.32,29.28,28.59,1,48,4,6
Mustard,Oilseed,Quintal,West Bengal,Nadia,Krishnanagar,2023-12-22,2023,12,Rabi,147.11,6828.79,7323.27,7075.55,22,51,4,4
Cabbage,Vegetable,Kg,West Bengal,Purba Medinipur,Panskura,2025-01-26,2025,1,Rabi,221.11,26.21,28.81,27.38,26,4,1,6
Tomato,Vegetable,Kg,West Bengal,Hooghly,Arambagh,2023-11-10,2023,11,Rabi,259.08,31.82,35.84,33.84,10,45,4,4
Mango,Fruit,Kg,West Bengal,Nadia,Krishnanagar,2021-08-03,2021,8,Kharif,327.15,165.98,171.37,168.87,3,31,3,1
Mango,Fruit,Kg,West Bengal,Purba Medinipur,Panskura,2025-05-23,2025,5,Zaid,156.03,86.7,89.53,88.58,23,21,2,4
Onion,Vegetable,Kg,West Bengal,Purba Medinipur,Panskura,2025-08-24,2025,8,Kharif,142.15,54.65,61.16,57.81,24,34,3,6
Onion,Vegetable,Kg,West Bengal,Hooghly,Arambagh,2023-10-10,2023,10,Rabi,268.96,15.53,18.08,17.22,10,41,4,1
Brinjal,Vegetable,Kg,West Bengal,Purba Medinipur,Panskura,2025-12-15,2025,12,Rabi,804.66,20.91,24.29,22.88,15,51,4,0
Mustard,Oilseed,Quintal,West Bengal,Purba Medinipur,Panskura,2022-12-03,2022,12,Rabi,192.95,4470.96,4872.14,4671.37,3,48,4,5
Cabbage,Vegetable,Kg,West Bengal,Nadia,Krishnanagar,2020-07-02,2020,7,Kharif,916.69,16.33,18.15,17.11,2,27,3,3
Cabbage,Vegetable,Kg,West Bengal,Nadia,Krishnanagar,2023-01-25,2023,1,Rabi,506.82,32.12,36.44,34.74,25,4,1,2
Maize,Grain,Quintal,West Bengal,Purba Medinipur,Panskura,2023-08-04,2023,8,Kharif,776.08,2595.9,2741.36,2668.98,4,31,3,4
Mango,Fruit,Kg,West Bengal,Nadia,Krishnanagar,2023-01-26,2023,1,Rabi,368.76,142.35,156.05,149.31,26,4,1,3
Wheat,Grain,Quintal,West Bengal,Nadia,Krishnanagar,2025-05-27,2025,5,Zaid,919.97,2548.53,2820.12,2684.57,27,22,2,1
Tomato,Vegetable,Kg,West Bengal,Purba Medinipur,Panskura,2025-02-13,2025,2,Rabi,794.26,10.39,11.85,11.01,13,7,1,3
Onion,Vegetable,Kg,West Bengal,Nadia,Krishnanagar,2021-04-04,2021,4,Zaid,175.92,33.93,38.57,35.97,4,13,2,6
Onion,Vegetable,Kg,West Bengal,Nadia,Krishnanagar,2023-09-17,2023,9,Kharif,330.39,23.26,25.56,24.19,17,37,3,6
Mango,Fruit,Kg,West Bengal,Purba Medinipur,Panskura,2025-10-14,2025,10,Rabi,827.71,136.39,146.95,142.1,14,42,4,1
Tomato,Vegetable,Kg,West Bengal,Purba Medinipur,Panskura,2021-01-14,2021,1,Rabi,722.06,10.29,11.73,10.72,14,2,1,3
Tomato,Vegetable,Kg,West Bengal,Purba Medinipur,Panskura,2020-10-16,2020,10,Rabi,884.52,10.73,12.04,11.25,16,42,4,4
Maize,Grain,Quintal,West Bengal,Purba Medinipur,Panskura,2024-10-27,2024,10,Rabi,376.6,2423.35,2633.52,2528.76,27,43,4,6
Onion,Vegetable,Kg,West Bengal,Purba Medinipur,Panskura,2024-01-29,2024,1,Rabi,455.83,38.82,41.39,39.65,29,5,1,0
Maize,Grain,Quintal,West Bengal,Purba Medinipur,Panskura,2020-10-11,2020,10,Rabi,472.17,2325.91,2529.15,2427.44,11,41,4,6
Potato,Vegetable,Kg,West Bengal,Purba Medinipur,Panskura,2021-04-10,2021,4,Zaid,436.35,22.23,24.88,23.77,10,14,2,5
Mustard,Oilseed,Quintal,West Bengal,Nadia,Krishnanagar,2021-11-22,2021,11,Rabi,861.74,6214.22,6613.36,6413.66,22,47,4,0
Milk,Dairy,Litre,West Bengal,Nadia,Krishnanagar,2023-05-03,2023,5,Zaid,539.65,48.17,54.97,51.35,3,18,2,2
Mustard,Oilseed,Quintal,West Bengal,Nadia,Krishnanagar,2021-07-13,2021,7,Kharif,134.94,6722.25,7053.68,6888.03,13,28,3,1
Cabbage,Vegetable,Kg,West Bengal,Hooghly,Arambagh,2025-11-15,2025,11,Rabi,585.92,12.67,14.51,13.62,15,46,4,5
Wheat,Grain,Quintal,West Bengal,Hooghly,Arambagh,2020-01-29,2020,1,Rabi,351.53,2220.53,2452.42,2336.32,29,5,1,2
Cotton,Fiber,Quintal,West Bengal,Purba Medinipur,Panskura,2025-03-24,2025,3,Rabi,829.97,4901.06,5261.25,5081.13,24,13,1,0
Potato,Vegetable,Kg,West Bengal,Purba Medinipur,Panskura,2020-12-10,2020,12,Rabi,255.68,25.59,29.15,27.03,10,50,4,3
Maize,Grain,Quintal,West Bengal,Hooghly,Arambagh,2024-09-27,2024,9,Kharif,381.74,1562.57,1674.74,1618.27,27,39,3,4
Rice,Grain,Quintal,West Bengal,Purba Medinipur,Panskura,2023-06-02,2023,6,Kharif,834.77,2341.73,2469.36,2405.94,2,22,2,4
Mustard,Oilseed,Quintal,West Bengal,Purba Medinipur,Panskura,2024-06-01,2024,6,Kharif,891.34,5808.47,5987.28,5897.39,1,22,2,5
Potato,Vegetable,Kg,West Bengal,Purba Medinipur,Panskura,2022-08-27,2022,8,Kharif,922.3,11.87,13.77,12.67,27,34,3,5
Wheat,Grain,Quintal,West Bengal,Purba Medinipur,Panskura,2023-10-08,2023,10,Rabi,236.6,1914.33,2090.74,2002.69,8,40,4,6
Maize,Grain,Quintal,West Bengal,Hooghly,Arambagh,2021-07-03,2021,7,Kharif,302.37,2492.92,2728.23,2610.77,3,26,3,5
Mango,Fruit,Kg,West Bengal,Hooghly,Arambagh,2024-06-25,2024,6,Kharif,756.55,67.26,70.21,68.67,25,26,2,1
Cabbage,Vegetable,Kg,West Bengal,Purba Medinipur,Panskura,2025-03-27,2025,3,Rabi,383.79,34.28,35.52,34.77,27,13,1,3
Banana,Fruit,Dozen,West Bengal,Nadia,Krishnanagar,2025-09-03,2025,9,Kharif,43.29,105.34,119.4,112.2,3,36,3,2
Onion,Vegetable,Kg,West Bengal,Hooghly,Arambagh,2023-02-15,2023,2,Rabi,693.28,50.93,55.75,53.13,15,7,1,2
Mango,Fruit,Kg,West Bengal,Nadia,Krishnanagar,2020-05-18,2020,5,Zaid,899.85,105.92,112.99,109.81,18,21,2,0
Cabbage,Vegetable,Kg,West Bengal,Hooghly,Arambagh,2024-12-17,2024,12,Rabi,324.45,8.36,9.65,8.59,17,51,4,1
Maize,Grain,Quintal,West Bengal,Nadia,Krishnanagar,2020-02-17,2020,2,Rabi,234.8,1638.67,1706.79,1672.64,17,8,1,0
Mustard,Oilseed,Quintal,West Bengal,Hooghly,Arambagh,2020-03-04,2020,3,Rabi,101.63,4190.65,4558.41,4374.58,4,10,1,2
Maize,Grain,Quintal,West Bengal,Hooghly,Arambagh,2025-12-17,2025,12,Rabi,361.5,2128.79,2271.62,2200.3,17,51,4,2
Brinjal,Vegetable,Kg,West Bengal,Nadia,Krishnanagar,2022-01-07,2022,1,Rabi,278.95,23.49,25.25,24.29,7,1,1,4
Cotton,Fiber,Quintal,West Bengal,Purba Medinipur,Panskura,2020-05-02,2020,5,Zaid,928.96,8093.27,8861.11,8477.29,2,18,2,5
Onion,Vegetable,Kg,West Bengal,Hooghly,Arambagh,2025-03-21,2025,3,Rabi,945.54,35.57,39.29,37.9,21,12,1,4
Cabbage,Vegetable,Kg,West Bengal,Purba Medinipur,Panskura,2020-12-16,2020,12,Rabi,850.52,12.55,14.21,13.74,16,51,4,2
Potato,Vegetable,Kg,West Bengal,Purba Medinipur,Panskura,2023-01-25,2023,1,Rabi,213.22,26.43,28.22,27.62,25,4,1,2
Mustard,Oilseed,Quintal,West Bengal,Nadia,Krishnanagar,2021-05-25,2021,5,Zaid,479.47,5736.73,6053.11,5895.19,25,21,2,1
Wheat,Grain,Quintal,West Bengal,Hooghly,Arambagh,2023-09-05,2023,9,Kharif,643.36,2681.62,3040.61,2861.27,5,36,3,1
Onion,Vegetable,Kg,West Bengal,Nadia,Krishnanagar,2025-10-30,2025,10,Rabi,268.23,29.57,33.64,31.85,30,44,4,3
Brinjal,Vegetable,Kg,West Bengal,Purba Medinipur,Panskura,2025-03-07,2025,3,Rabi,46.12,32.36,35.21,33.33,7,10,1,4
Wheat,Grain,Quintal,West Bengal,Purba Medinipur,Panskura,2025-06-02,2025,6,Kharif,512.23,2738.93,2872.02,2805.69,2,23,2,0
Wheat,Grain,Quintal,West Bengal,Hooghly,Arambagh,2023-01-20,2023,1,Rabi,525.03,2652.35,2993.18,2822.38,20,3,1,4
Brinjal,Vegetable,Kg,West Bengal,Nadia,Krishnanagar,2024-11-24,2024,11,Rabi,70.13,32.71,36.88,34.46,24,47,4,6
Banana,Fruit,Dozen,West Bengal,Nadia,Krishnanagar,2020-11-12,2020,11,Rabi,487.64,51.09,55.75,53.82,12,46,4,3
Mustard,Oilseed,Quintal,West Bengal,Nadia,Krishnanagar,2021-09-22,2021,9,Kharif,534.11,6608.97,7244.15,6926.37,22,38,3,2
Potato,Vegetable,Kg,West Bengal,Nadia,Krishnanagar,2023-08-15,2023,8,Kharif,425.71,26.91,29.77,27.94,15,33,3,1
Mango,Fruit,Kg,West Bengal,Purba Medinipur,Panskura,2025-10-14,2025,10,Rabi,751.06,69.42,76.0,72.24,14,42,4,1
Wheat,Grain,Quintal,West Bengal,Nadia,Krishnanagar,2022-03-25,2022,3,Rabi,325.19,2019.31,2153.12,2086.46,25,12,1,4
Potato,Vegetable,Kg,West Bengal,Purba Medinipur,Panskura,2022-06-27,2022,6,Kharif,793.83,13.35,14.76,14.11,27,26,2,0
Cabbage,Vegetable,Kg,West Bengal,Nadia,Krishnanagar,2024-10-01,2024,10,Rabi,794.36,15.0,16.68,16.04,1,40,4,1
Mustard,Oilseed,Quintal,West Bengal,Purba Medinipur,Panskura,2025-07-05,2025,7,Kharif,428.46,6565.88,7184.49,6875.51,5,27,3,5
Brinjal,Vegetable,Kg,West Bengal,Purba Medinipur,Panskura,2025-01-30,2025,1,Rabi,442.05,44.07,49.09,46.88,30,5,1,3
Mango,Fruit,Kg,West Bengal,Nadia,Krishnanagar,2023-11-18,2023,11,Rabi,60.53,62.29,71.11,66.96,18,46,4,5
Banana,Fruit,Dozen,West Bengal,Hooghly,Arambagh,2022-12-23,2022,12,Rabi,580.78,66.3,74.08,70.63,23,51,4,4
Tomato,Vegetable,Kg,West Bengal,Purba Medinipur,Panskura,2020-10-04,2020,10,Rabi,877.73,35.39,37.16,36.46,4,40,4,6
Cotton,Fiber,Quintal,West Bengal,Hooghly,Arambagh,2022-01-06,2022,1,Rabi,193.99,8305.79,8682.11,8494.23,6,1,1,3
Cabbage,Vegetable,Kg,West Bengal,Hooghly,Arambagh,2024-01-25,2024,1,Rabi,220.31,25.09,26.65,25.71,25,4,1,3
Potato,Vegetable,Kg,West Bengal,Hooghly,Arambagh,2024-10-28,2024,10,Rabi,27.27,27.6,30.84,29.11,28,44,4,0
Mustard,Oilseed,Quintal,West Bengal,Hooghly,Arambagh,2025-08-04,2025,8,Kharif,304.66,6548.94,6905.63,6727.21,4,32,3,0
Brinjal,Vegetable,Kg,West Bengal,Hooghly,Arambagh,2024-09-20,2024,9,Kharif,473.32,37.61,41.22,39.44,20,38,3,4
Brinjal,Vegetable,Kg,West Bengal,Nadia,Krishnanagar,2022-02-09,2022,2,Rabi,29.46,30.65,33.09,31.78,9,6,1,2
Cotton,Fiber,Quintal,West Bengal,Purba Medinipur,Panskura,2022-01-24,2022,1,Rabi,572.3,7180.33,7869.68,7524.84,24,4,1,0
Potato,Vegetable,Kg,West Bengal,Nadia,Krishnanagar,2023-12-01,2023,12,Rabi,651.31,19.49,21.39,20.36,1,48,4,4
Cabbage,Vegetable,Kg,West Bengal,Nadia,Krishnanagar,2023-02-13,2023,2,Rabi,576.86,29.87,31.87,30.5,13,7,1,0
Cabbage,Vegetable,Kg,West Bengal,Hooghly,Arambagh,2021-01-13,2021,1,Rabi,553.57,26.98,29.4,28.67,13,2,1,2
Mustard Oil,Oil,Litre,West Bengal,Purba Medinipur,Panskura,2025-02-06,2025,2,Rabi,412.32,222.28,237.32,229.74,6,6,1,3
Brinjal,Vegetable,Kg,West Bengal,Hooghly,Arambagh,2024-07-24,2024,7,Kharif,706.73,29.03,32.38,30.55,24,30,3,2
Onion,Vegetable,Kg,West Bengal,Nadia,Krishnanagar,2023-04-25,2023,4,Zaid,869.92,14.9,16.69,15.41,25,17,2,1
Mustard,Oilseed,Quintal,West Bengal,Nadia,Krishnanagar,2023-01-08,2023,1,Rabi,447.29,5558.82,5965.8,5762.76,8,1,1,6
Mango,Fruit,Kg,West Bengal,Purba Medinipur,Panskura,2025-12-18,2025,12,Rabi,189.7,80.49,90.8,85.64,18,51,4,3
Onion,Vegetable,Kg,West Bengal,Nadia,Krishnanagar,2023-04-04,2023,4,Zaid,479.57,12.33,13.49,13.0,4,14,2,1
Milk,Dairy,Litre,West Bengal,Hooghly,Arambagh,2022-05-16,2022,5,Zaid,223.18,62.53,68.13,65.18,16,20,2,0
Brinjal,Vegetable,Kg,West Bengal,Nadia,Krishnanagar,2024-04-06,2024,4,Zaid,702.1,24.97,26.42,25.75,6,14,2,5
Rice,Grain,Quintal,West Bengal,Nadia,Krishnanagar,2022-09-04,2022,9,Kharif,824.5,2732.85,2995.65,2864.28,4,35,3,6
Brinjal,Vegetable,Kg,West Bengal,Purba Medinipur,Panskura,2024-01-23,2024,1,Rabi,342.05,20.94,22.99,22.19,23,4,1,1
Rice,Grain,Quintal,West Bengal,Nadia,Krishnanagar,2020-12-20,2020,12,Rabi,302.45,2479.85,2776.03,2627.85,20,51,4,6
Onion,Vegetable,Kg,West Bengal,Hooghly,Arambagh,2024-08-05,2024,8,Kharif,106.48,49.66,53.17,51.74,5,32,3,0
Brinjal,Vegetable,Kg,West Bengal,Purba Medinipur,Panskura,2023-01-24,2023,1,Rabi,710.59,14.23,15.89,14.86,24,4,1,1
Tomato,Vegetable,Kg,West Bengal,Purba Medinipur,Panskura,2022-06-21,2022,6,Kharif,418.14,42.87,45.86,44.36,21,25,2,1
Wheat,Grain,Quintal,West Bengal,Nadia,Krishnanagar,2024-03-21,2024,3,Rabi,470.31,2582.07,2858.06,2719.8,21,12,1,3
Tomato,Vegetable,Kg,West Bengal,Hooghly,Arambagh,2021-05-14,2021,5,Zaid,886.56,13.61,15.17,14.19,14,19,2,4
Maize,Grain,Quintal,West Bengal,Hooghly,Arambagh,2024-11-27,2024,11,Rabi,540.3,2224.37,2320.73,2272.26,27,48,4,2
Mango,Fruit,Kg,West Bengal,Hooghly,Arambagh,2024-06-21,2024,6,Kharif,250.13,85.98,92.57,88.91,21,25,2,4
Mustard Oil,Oil,Litre,West Bengal,Purba Medinipur,Panskura,2021-04-07,2021,4,Zaid,668.59,126.47,137.83,132.17,7,14,2,2
Milk,Dairy,Litre,West Bengal,Purba Medinipur,Panskura,2022-08-06,2022,8,Kharif,496.65,38.81,44.15,41.16,6,31,3,5
Mustard,Oilseed,Quintal,West Bengal,Nadia,Krishnanagar,2024-02-29,2024,2,Rabi,388.79,4510.76,4716.72,4613.33,29,9,1,3
Mustard Oil,Oil,Litre,West Bengal,Nadia,Krishnanagar,2024-11-22,2024,11,Rabi,519.69,140.51,146.0,143.48,22,47,4,4
Milk,Dairy,Litre,West Bengal,Hooghly,Arambagh,2023-02-16,2023,2,Rabi,684.83,49.02,53.32,51.03,16,7,1,3
Milk,Dairy,Litre,West Bengal,Nadia,Krishnanagar,2023-11-20,2023,11,Rabi,175.08,58.69,64.69,61.21,20,47,4,0
Tomato,Vegetable,Kg,West Bengal,Nadia,Krishnanagar,2025-01-11,2025,1,Rabi,674.96,44.44,47.76,45.99,11,2,1,5
Banana,Fruit,Dozen,West Bengal,Nadia,Krishnanagar,2025-07-20,2025,7,Kharif,192.93,111.95,123.92,117.52,20,29,3,6
Milk,Dairy,Litre,West Bengal,Nadia,Krishnanagar,2022-02-18,2022,2,Rabi,831.1,32.71,35.13,33.8,18,7,1,4
Maize,Grain,Quintal,West Bengal,Nadia,Krishnanagar,2020-07-12,2020,7,Kharif,514.77,1691.83,1842.5,1766.83,12,28,3,6
Wheat,Grain,Quintal,West Bengal,Nadia,Krishnanagar,2025-07-16,2025,7,Kharif,485.48,1750.31,1959.35,1854.55,16,29,3,2
Mango,Fruit,Kg,West Bengal,Nadia,Krishnanagar,2022-08-26,2022,8,Kharif,737.76,111.84,124.36,118.09,26,34,3,4
Mustard,Oilseed,Quintal,West Bengal,Hooghly,Arambagh,2020-02-25,2020,2,Rabi,882.18,6373.49,6839.74,6606.71,25,9,1,1
Wheat,Grain,Quintal,West Bengal,Nadia,Krishnanagar,2025-07-18,2025,7,Kharif,446.53,2496.04,2711.76,2603.53,18,29,3,4
Mustard Oil,Oil,Litre,West Bengal,Nadia,Krishnanagar,2023-05-28,2023,5,Zaid,383.59,146.74,163.21,155.41,28,21,2,6
Cabbage,Vegetable,Kg,West Bengal,Nadia,Krishnanagar,2021-09-13,2021,9,Kharif,316.3,17.62,19.73,18.19,13,37,3,0
Mustard Oil,Oil,Litre,West Bengal,Purba Medinipur,Panskura,2020-12-21,2020,12,Rabi,815.95,200.19,225.74,212.97,21,52,4,0
Tomato,Vegetable,Kg,West Bengal,Hooghly,Arambagh,2025-10-03,2025,10,Rabi,824.3,48.08,52.24,50.59,3,40,4,4
Onion,Vegetable,Kg,West Bengal,Purba Medinipur,Panskura,2024-10-25,2024,10,Rabi,108.44,52.1,55.75,54.4,25,43,4,4
Cabbage,Vegetable,Kg,West Bengal,Hooghly,Arambagh,2021-11-20,2021,11,Rabi,606.28,12.16,13.76,12.49,20,46,4,5
Mustard Oil,Oil,Litre,West Bengal,Hooghly,Arambagh,2020-03-17,2020,3,Rabi,455.53,120.41,129.64,124.9,17,12,1,1
Mango,Fruit,Kg,West Bengal,Purba Medinipur,Panskura,2020-05-06,2020,5,Zaid,105.88,83.16,92.49,87.52,6,19,2,2
Cotton,Fiber,Quintal,West Bengal,Nadia,Krishnanagar,2022-07-21,2022,7,Kharif,63.82,6719.95,7063.66,6891.93,21,29,3,3
Mango,Fruit,Kg,West Bengal,Purba Medinipur,Panskura,2023-07-21,2023,7,Kharif,738.72,71.79,81.85,77.11,21,29,3,4
Brinjal,Vegetable,Kg,West Bengal,Purba Medinipur,Panskura,2022-01-27,2022,1,Rabi,414.77,46.13,51.32,49.16,27,4,1,3
Cotton,Fiber,Quintal,West Bengal,Purba Medinipur,Panskura,2021-06-17,2021,6,Kharif,740.2,6542.52,7145.45,6843.53,17,24,2,3
Mustard Oil,Oil,Litre,West Bengal,Nadia,Krishnanagar,2020-03-20,2020,3,Rabi,104.43,120.43,133.43,126.82,20,12,1,4
Rice,Grain,Quintal,West Bengal,Nadia,Krishnanagar,2022-04-21,2022,4,Zaid,565.65,2887.92,3168.41,3028.31,21,16,2,3
Rice,Grain,Quintal,West Bengal,Nadia,Krishnanagar,2020-05-31,2020,5,Zaid,821.39,1911.18,2002.26,1956.5,31,22,2,6
Onion,Vegetable,Kg,West Bengal,Hooghly,Arambagh,2020-08-13,2020,8,Kharif,816.45,45.27,51.74,48.8,13,33,3,3
Cabbage,Vegetable,Kg,West Bengal,Nadia,Krishnanagar,2023-02-06,2023,2,Rabi,599.59,15.45,16.89,16.22,6,6,1,0
Mustard,Oilseed,Quintal,West Bengal,Purba Medinipur,Panskura,2023-10-27,2023,10,Rabi,79.31,6717.48,7350.85,7034.4,27,43,4,4
Mustard,Oilseed,Quintal,West Bengal,Nadia,Krishnanagar,2023-10-22,2023,10,Rabi,744.22,4717.17,5410.04,5063.14,22,42,4,6
Cotton,Fiber,Quintal,West Bengal,Purba Medinipur,Panskura,2021-03-14,2021,3,Rabi,481.62,6613.78,7656.71,7135.45,14,10,1,6
Mustard,Oilseed,Quintal,West Bengal,Nadia,Krishnanagar,2024-08-25,2024,8,Kharif,23.41,6782.11,7367.36,7074.61,25,34,3,6
Wheat,Grain,Quintal,West Bengal,Nadia,Krishnanagar,2023-11-22,2023,11,Rabi,489.74,2553.63,2868.87,2711.1,22,47,4,2
Brinjal,Vegetable,Kg,West Bengal,Purba Medinipur,Panskura,2025-05-23,2025,5,Zaid,151.0,33.86,38.01,35.74,23,21,2,4
Mango,Fruit,Kg,West Bengal,Hooghly,Arambagh,2021-06-24,2021,6,Kharif,585.05,37.77,42.92,40.61,24,25,2,3
Milk,Dairy,Litre,West Bengal,Hooghly,Arambagh,2021-03-11,2021,3,Rabi,67.64,32.67,37.91,34.8,11,10,1,3
Onion,Vegetable,Kg,West Bengal,Purba Medinipur,Panskura,2021-09-01,2021,9,Kharif,387.74,15.72,18.08,17.3,1,35,3,2
Brinjal,Vegetable,Kg,West Bengal,Purba Medinipur,Panskura,2025-11-12,2025,11,Rabi,726.62,29.74,34.27,32.13,12,46,4,2
Cabbage,Vegetable,Kg,West Bengal,Nadia,Krishnanagar,2025-06-25,2025,6,Kharif,461.07,25.12,28.48,27.25,25,26,2,2
Potato,Vegetable,Kg,West Bengal,Purba Medinipur,Panskura,2023-01-05,2023,1,Rabi,574.61,21.25,23.66,22.14,5,1,1,3
